id_usuario,idade,genero,pais,ocupacao,nivel_renda,anos_jogando,genero_preferido,plataforma,tipo_dispositivo,nivel_ranqueado,horas_jogo_diarias,sessoes_semanais,horas_madrugada,horas_fim_de_semana,max_horas_consecutivas,proporcao_multiplayer,denuncias_chat_toxico,frequencia_rage_quit,compras_no_jogo,gasto_mensal_usd,aberturas_lootbox,status_assinatura,score_estresse,score_solidao,indice_dependencia_dopamina,score_autocontrole,score_impulsividade,nivel_ansiedade,indicador_depressao,estabilidade_emocional,horas_sono,exercicios_por_semana,xicaras_cafeina_dia,horas_interacao_social,status_relacionamento,nota_ou_performance,prazos_perdidos,queda_produtividade_percentual,dias_absenteismo,velocidade_internet_mbps,horas_tela_total,cluster_comportamental,score_dependencia,dependencia_binaria,severidade_dependencia,probabilidade_burnout,score_risco_saude_mental,probabilidade_churn
USR000001,21,Masculino,Índia,Empregado,Média,9,Sandbox,PC,Notebook,Ouro,"3,5",4,"1,0","4,9","6,5","0,67",0,0,0,"38,67",10,No subscription,"8,2","8,8","2,7","7,0","5,1","9,9","8,5","3,7","6,3",2,0,"2,7",Em um relacionamento,"4,0",4,"0,0",7,"39,9","5,4",Jogador casual,"27,61",0,Leve,"1,0","0,92","1,0"
USR000002,25,Masculino,Índia,Empregado,Média-baixa,13,RPG,Mobile,Misto,Bronze,"10,9",14,"3,2","14,7","15,9","0,44",2,0,7,"47,35",18,Premium,"7,8","5,6","8,2","6,5","3,5","6,2","4,1","3,0","6,1",0,2,"3,5",Em um relacionamento,"4,0",4,"16,7",6,"71,5","13,4",Streamer/Criador,"55,51",1,Moderada,"1,0","0,515","0,813"
USR000003,26,Masculino,Brasil,Empregado,Média,14,RPG,PC e mobile,PC high-end,Mestre,"8,6",7,"2,4","11,6","13,1","0,32",0,1,3,"37,8",4,Ultimate,"8,4","4,1","5,0","4,2","6,1","7,7","6,7","3,3","6,1",1,3,"2,0",Prefiro nao informar,"4,0",6,"8,5",7,"119,4","12,3",Streamer/Criador,"45,85",0,Moderada,"1,0","0,72","0,947"
USR000004,22,Masculino,Coréia do Sul,Empregado,Média-alta,10,Estratégia,PC e mobile,Mobile,Bronze,"5,9",5,"1,1","13,6","8,2","0,23",7,7,9,"74,51",15,No subscription,"6,0","4,5","6,0","5,8","3,6","5,9","4,5","6,5","6,7",4,5,"0,6",Casado,"4,0",3,"8,7",8,"136,5","6,9",Competidor toxico,"39,87",0,Leve,"1,0","0,52","0,66"
USR000005,17,Feminino,Índia,Estudante,Média,5,Estratégia,PC,Notebook,Bronze,"7,4",8,"3,2","6,3","14,2","0,57",4,2,5,"25,32",0,Premium,"8,0","4,2","6,2","6,5","5,0","8,4","3,3","5,5","7,6",1,0,"1,2",Solteiro,"2,6",3,"21,9",6,"78,8","9,3",Competidor intenso,"46,97",0,Moderada,"1,0","0,585","0,867"
USR000006,13,Masculino,Estados Unidos,Freelancer,Média,1,Terror,PC,Mobile,Prata,"1,4",1,"0,0","1,7","3,5","0,35",0,0,9,"18,71",0,No subscription,"1,0","7,2","2,2","7,0","4,2","3,0","5,0","10,0","7,2",3,1,"3,1",Em um relacionamento,"4,0",0,"0,0",3,"93,8","3,7",Jogador casual,"17,26",0,Witout addiction,"0,32","0,4","0,15"
USR000007,27,Masculino,Reino Unido,Desempregado,Média-baixa,15,RPG,Console,Console,Prata,"8,0",10,"2,9","10,6","12,3","0,49",17,7,7,"0,0",9,Premium,"7,6","5,5","4,6","8,4","4,3","5,8","5,2","3,9","8,0",1,3,"0,5",Em um relacionamento,"4,0",2,"30,2",12,"5,0","10,0",Competidor toxico,"34,82",0,Leve,"1,0","0,55","0,879"
USR000008,18,Nao binario,Canadá,Estudante,Média,6,MOBA,PC,Misto,Bronze,"2,2",3,"0,2","3,2","5,1","0,51",1,0,3,"14,17",2,Premium,"4,6","6,9","1,4","4,7","3,9","4,7","5,1","8,5","7,3",0,0,"3,6",Solteiro,"3,35",2,"0,0",5,"97,1","4,7",Jogador casual,"22,66",0,Leve,"1,0","0,49","0,825"
USR000009,16,Feminino,Estados Unidos,Estudante,Alta,1,Esportes,Mobile,Misto,Ouro,"8,3",12,"1,7","11,5","11,9","0,67",6,6,13,"95,67",22,Básica,"8,1","3,2","6,1","10,0","2,6","4,8","3,2","3,8","7,5",0,3,"4,7",Em um relacionamento,"2,72",3,"35,2",5,"81,9","11,0",Competidor toxico,"35,08",0,Leve,"1,0","0,4","0,928"
USR000010,30,Feminino,Brasil,Freelancer,Média,18,Estratégia,Console,PC intermediario,Ouro,"6,9",8,"2,4","6,1","12,7","0,53",9,7,0,"55,9",14,Premium,"4,9","1,0","2,9","3,4","6,4","4,8","1,0","7,2","5,4",2,1,"4,8",Em um relacionamento,"4,0",2,"24,8",3,"22,2","7,5",Competidor intenso,"46,24",0,Moderada,"1,0","0,29","0,756"
USR000011,18,Masculino,Índia,Empregado,Média,6,MMORPG,Console,Console,Ouro,"7,5",9,"3,0","8,6","12,6","0,0",7,2,5,"14,89",1,Ultimate,"8,2","3,9","5,0","6,6","1,0","7,5","3,4","5,7","7,3",0,4,"2,9",Casado,"4,0",8,"5,1",0,"72,2","8,3",Jogador compulsivo,"37,67",0,Leve,"1,0","0,545","0,871"
USR000012,21,Masculino,Índia,Freelancer,Média-baixa,9,Estratégia,PC,PC high-end,Mestre,"8,4",10,"3,7","11,8","11,4","0,12",0,0,4,"28,33",7,Premium,"6,6","5,2","5,2","4,0","5,1","6,5","6,4","6,7","5,3",2,0,"2,2",Solteiro,"4,0",1,"0,0",3,"157,5","11,8",Busca escape,"56,22",1,Moderada,"1,0","0,645","0,825"
USR000013,19,Prefiro nao informar,Canadá,Estudante,Média,7,Esportes,PC,Misto,Bronze,"6,1",7,"1,3","8,7","7,0","0,72",0,0,0,"12,85",0,Premium,"4,1","5,4","3,7","7,8","2,1","4,2","7,4","7,7","8,3",1,0,"1,3",Em um relacionamento,"2,84",1,"25,6",4,"136,7","7,9",Jogador social,"33,4",0,Leve,"1,0","0,58","0,745"
USR000014,22,Masculino,Índia,Empregado,Média,10,Casual,PC e console,PC high-end,Prata,"4,9",8,"1,3","8,7","5,4","0,44",0,2,4,"20,79",4,No subscription,"7,8","6,8","3,8","5,9","4,5","7,1","7,4","5,4","4,5",0,2,"2,4",Solteiro,"4,0",3,"13,8",3,"89,8","8,2",Jogador social,"35,8",0,Leve,"1,0","0,725","0,841"
USR000015,27,Masculino,Brasil,Empregado,Baixa,14,Casual,PC,PC high-end,Ouro,"4,5",5,"1,4","5,6","9,0","0,0",1,1,0,"17,86",0,Básica,"7,4","5,1","2,6","7,3","2,7","5,5","4,5","7,0","7,0",2,0,"1,9",Solteiro,"4,0",1,"9,4",1,"149,9","6,2",Busca escape,"27,81",0,Leve,"1,0","0,5","0,879"
USR000016,22,Feminino,Coréia do Sul,Freelancer,Média-baixa,10,MMORPG,Console,Misto,Bronze,"9,4",9,"3,7","13,9","13,9","0,71",2,2,0,"0,0",5,Básica,"8,2","4,9","5,5","7,9","3,8","6,4","5,6","8,7","5,3",0,1,"4,3",Solteiro,"4,0",7,"27,7",3,"116,1","11,9",Competidor intenso,"47,67",0,Moderada,"1,0","0,6","0,767"
USR000017,18,Feminino,França,Estudante,Média,6,RPG,Mobile,Notebook,Sem ranking,"6,0",6,"2,6","9,1","12,2","0,63",23,4,4,"35,71",12,Premium,"5,2","4,8","5,1","5,8","6,5","5,4","4,9","8,7","5,7",3,3,"2,8",Solteiro,"2,59",4,"15,9",7,"213,7","9,8",Competidor toxico,"49,49",0,Moderada,"1,0","0,515","0,76"
USR000018,20,Masculino,Alemanha,Empregado,Baixa,7,MOBA,PC e mobile,Mobile,Prata,"11,2",10,"3,7","20,0","13,9","0,84",0,0,2,"32,09",12,No subscription,"7,0","3,9","6,1","6,5","4,2","4,1","4,4","7,4","7,2",0,3,"2,3",Em um relacionamento,"4,0",3,"10,5",5,"158,1","14,4",Streamer/Criador,"48,88",0,Moderada,"1,0","0,425","0,771"
USR000019,30,Masculino,Alemanha,Empregado,Média,15,Estratégia,PC e console,PC intermediario,Prata,"0,5",1,"0,0","0,9","1,0","0,08",1,0,0,"58,7",12,No subscription,"7,1","7,0","4,3","4,9","3,7","6,3","4,0","8,2","8,8",4,0,"0,5",Solteiro,"4,0",2,"0,0",1,"123,8","1,2",Jogador casual,"21,8",0,Leve,"1,0","0,515","0,747"
USR000020,18,Nao binario,Estados Unidos,Empregado,Média-baixa,6,RPG,Mobile,Notebook,Diamante,"4,1",3,"0,7","6,1","4,1","0,25",0,1,4,"45,6",5,Básica,"2,0","2,7","2,5","10,0","5,6","1,4","1,0","6,9","7,0",2,2,"1,1",Divorciado,"4,0",0,"27,7",2,"65,2","5,2",Jogador social,"20,25",0,Leve,"0,946","0,12","0,472"
USR000021,13,Masculino,Índia,Estudante,Média,1,Battle Royale,PC,Console,Prata,"4,5",4,"2,2","7,5","9,6","0,56",2,0,0,"27,55",8,No subscription,"9,2","8,3","5,2","8,8","6,0","9,5","4,3","9,3","6,4",2,1,"1,4",Em um relacionamento,"2,95",0,"15,4",3,"29,8","7,5",Jogador social,"29,92",0,Leve,"1,0","0,73","0,938"
USR000022,13,Masculino,Estados Unidos,Desempregado,Média-alta,1,RPG,Mobile,PC high-end,Mestre,"7,4",9,"3,0","10,3","12,1","0,65",2,4,0,"36,95",0,Ultimate,"5,6","1,6","3,4","4,7","4,2","3,4","4,7","7,5","7,3",1,4,"4,1",Divorciado,"4,0",2,"15,7",5,"255,5","11,2",Competidor intenso,"42,1",0,Moderada,"1,0","0,405","0,8"
USR000023,27,Prefiro nao informar,Canadá,Empregado,Média-alta,15,Sandbox,PC,PC intermediario,Prata,"6,9",6,"3,4","13,2","15,0","0,41",15,8,9,"116,89",24,Premium,"7,2","6,9","5,0","6,0","6,3","6,3","3,8","6,4","4,8",1,1,"3,0",Prefiro nao informar,"4,0",6,"22,0",9,"46,0","6,9",Competidor toxico,"50,59",1,Moderada,"1,0","0,505","0,845"
USR000024,13,Masculino,Estados Unidos,Empregado,Baixa,1,RPG,Mobile,Mobile,Ouro,"7,7",7,"2,1","9,7","10,2","0,39",3,0,0,"0,0",3,Ultimate,"4,9","7,2","4,0","6,7","6,8","4,6","6,3","7,4","9,2",0,1,"2,1",Solteiro,"4,0",3,"9,6",6,"115,4","10,9",Jogador compulsivo,"39,54",0,Leve,"1,0","0,545","0,728"
USR000025,13,Masculino,Índia,Estudante,Baixa,1,Sandbox,PC,Misto,Grao-mestre,"6,6",8,"2,7","7,7","10,8","0,14",1,0,0,"0,0",0,Ultimate,"7,5","4,3","5,4","7,8","6,1","5,3","5,7","9,3","6,5",0,2,"3,5",Solteiro,"3,28",3,"9,5",3,"126,4","7,5",Busca escape,"45,58",0,Moderada,"1,0","0,55","0,692"
USR000026,26,Feminino,Índia,Empregado,Média,14,Casual,Console,PC intermediario,Grao-mestre,"4,6",5,"2,5","7,8","5,3","0,26",9,8,1,"54,96",19,Premium,"6,2","6,5","2,5","5,6","6,3","6,9","6,5","7,1","7,8",1,1,"0,0",Solteiro,"4,0",1,"12,5",3,"158,6","5,4",Competidor toxico,"38,57",0,Leve,"1,0","0,67","0,967"
USR000027,28,Feminino,Índia,Empregado,Baixa,16,Estratégia,Console,Mobile,Diamante,"1,5",2,"0,1","2,4","3,6","0,61",1,2,0,"31,12",10,No subscription,"6,1","5,8","1,0","6,3","3,1","4,9","4,0","7,2","6,8",2,0,"0,0",Em um relacionamento,"4,0",0,"0,0",6,"36,5","3,7",Jogador casual,"19,56",0,Witout addiction,"1,0","0,445","0,808"
USR000028,16,Masculino,Estados Unidos,Freelancer,Baixa,4,MMORPG,Mobile,Mobile,Ouro,"4,6",6,"2,1","3,7","3,9","0,51",0,0,7,"14,45",11,No subscription,"6,0","2,7","3,9","7,2","5,4","2,9","3,8","6,1","6,7",1,3,"1,3",Em um relacionamento,"4,0",3,"0,0",6,"110,8","6,2",Busca escape,"32,49",0,Leve,"1,0","0,335","0,59"
USR000029,18,Masculino,Índia,Streamer/Criador de conteudo,Média,6,Estratégia,PC,Misto,Ouro,"2,0",4,"1,1","1,7","1,4","0,07",0,0,4,"12,93",0,No subscription,"6,4","10,0","1,4","7,5","3,7","7,2","7,4","7,2","7,0",2,0,"1,3",Solteiro,"4,0",1,"0,0",2,"125,0","4,8",Jogador casual,"16,6",0,Witout addiction,"1,0","0,73","0,836"
USR000030,20,Masculino,Índia,Empregado,Média,8,Sandbox,PC,Notebook,Bronze,"6,8",10,"1,6","8,6","11,3","0,06",2,7,4,"72,3",15,Básica,"4,6","9,3","4,5","4,2","5,8","6,0","6,5","8,6","8,0",0,2,"3,9",Casado,"4,0",6,"1,7",3,"130,7","8,1",Competidor toxico,"44,78",0,Moderada,"1,0","0,625","0,885"
USR000031,20,Masculino,Estados Unidos,Freelancer,Média,7,Battle Royale,Mobile,Notebook,Platina,"4,1",2,"2,0","5,8","9,4","0,98",0,0,11,"50,96",10,Premium,"8,9","5,5","2,1","6,4","5,1","5,7","4,0","5,3","6,0",3,2,"1,0",Em um relacionamento,"4,0",1,"8,9",8,"78,3","6,4",Busca escape,"29,01",0,Leve,"1,0","0,485","0,82"
USR000032,15,Masculino,Estados Unidos,Estudante,Média,3,MMORPG,Mobile,Misto,Ouro,"5,8",7,"0,6","7,2","10,9","0,71",0,7,0,"35,71",8,No subscription,"7,7","4,9","6,5","7,2","5,3","1,6","4,3","5,0","7,4",1,1,"0,4",Casado,"3,39",2,"19,0",1,"192,9","7,7",Competidor toxico,"31,35",0,Leve,"1,0","0,295","0,894"
USR000033,28,Feminino,Rússia,Estudante,Média,16,Battle Royale,Console,Console,Diamante,"4,4",6,"1,2","7,8","4,3","0,74",0,1,19,"64,72",10,Ultimate,"8,2","5,8","2,3","10,0","1,0","5,1","2,0","7,2","8,3",2,2,"4,2",Solteiro,"3,25",1,"19,7",1,"44,5","7,3",Jogador casual,"18,21",0,Witout addiction,"1,0","0,355","0,612"
USR000034,19,Masculino,Rússia,Empregado,Média-baixa,7,Sandbox,PC,Console,Diamante,"4,3",7,"1,1","8,8","5,9","0,41",1,0,0,"23,06",0,No subscription,"6,0","5,8","1,4","6,2","4,2","6,7","2,8","8,9","6,7",2,0,"2,6",Solteiro,"4,0",2,"8,5",2,"80,8","6,7",Streamer/Criador,"24,77",0,Leve,"1,0","0,475","0,763"
USR000035,20,Feminino,Austrália,Estudante,Alta,6,MMORPG,Console,Misto,Sem ranking,"6,3",10,"2,4","6,2","12,2","0,87",0,3,18,"170,51",36,Premium,"4,9","8,2","6,1","4,2","5,8","5,4","7,7","6,8","6,4",1,4,"0,4",Prefiro nao informar,"3,04",4,"27,8",5,"19,6","9,0",Jogador compulsivo,"44,39",0,Moderada,"1,0","0,655","0,841"
USR000036,14,Feminino,Brasil,Empregado,Média,1,Sandbox,PC,Console,Prata,"6,6",11,"1,6","10,5","10,1","0,29",0,1,21,"91,22",11,No subscription,"4,9","7,4","4,2","4,7","7,5","5,2","5,9","6,8","7,2",5,4,"2,5",Prefiro nao informar,"4,0",5,"5,9",10,"61,2","8,8",Busca escape,"45,1",0,Moderada,"1,0","0,555","0,819"
USR000037,27,Masculino,Índia,Empregado,Baixa,15,RPG,Console,Misto,Prata,"7,2",9,"3,0","8,2","13,9","0,18",1,0,0,"0,46",0,Básica,"7,3","4,0","6,6","7,2","3,8","8,6","7,0","4,3","7,3",0,6,"2,2",Em um relacionamento,"4,0",3,"18,0",8,"141,0","8,1",Streamer/Criador,"44,26",0,Moderada,"1,0","0,78","0,837"
USR000038,31,Feminino,Índia,Empregado,Média-alta,19,Sandbox,Console,Mobile,Ouro,"4,2",5,"1,3","6,4","5,2","0,49",2,0,0,"44,29",1,Básica,"6,3","5,7","2,2","7,6","3,7","5,0","2,2","4,8","8,5",2,4,"1,6",Solteiro,"4,0",0,"15,5",5,"167,9","5,3",Jogador social,"23,18",0,Leve,"1,0","0,36","0,613"
USR000039,13,Masculino,Brasil,Streamer/Criador de conteudo,Média,1,Sandbox,PC,Console,Bronze,"9,3",7,"2,5","9,7","13,9","0,32",1,3,7,"50,75",9,Premium,"7,2","7,1","7,9","4,2","6,7","6,3","6,5","5,7","5,6",3,3,"4,2",Solteiro,"4,0",3,"38,6",6,"153,3","11,3",Streamer/Criador,"61,25",1,Severa,"1,0","0,64","0,975"
USR000040,27,Masculino,Índia,Empregado,Média,15,MOBA,PC,Notebook,Diamante,"4,4",4,"1,6","6,0","2,7","0,46",0,3,1,"31,48",10,Premium,"6,9","4,6","2,4","6,6","3,7","4,9","1,0","7,3","6,7",2,2,"6,6",Solteiro,"4,0",0,"11,7",11,"67,7","6,5",Jogador social,"29,84",0,Leve,"1,0","0,295","0,698"
USR000041,29,Masculino,Indonésia,Freelancer,Média,17,MOBA,PC e console,Console,Ouro,"6,7",5,"2,3","9,0","9,8","0,74",3,1,3,"13,99",0,Básica,"10,0","7,7","2,4","7,9","3,7","9,8","6,9","3,9","6,9",0,4,"0,4",Solteiro,"4,0",4,"31,5",4,"107,6","7,8",Competidor intenso,"28,83",0,Leve,"1,0","0,835","0,823"
USR000042,27,Masculino,Indonésia,Empregado,Média,15,Terror,PC,Misto,Ouro,"10,2",10,"4,0","8,9","16,5","0,1",0,0,0,"21,46",6,Premium,"8,9","5,0","6,2","7,6","3,1","7,8","3,9","4,5","4,2",0,3,"1,5",Solteiro,"4,0",2,"32,0",4,"67,6","12,1",Jogador compulsivo,"53,34",1,Moderada,"1,0","0,585","0,842"
USR000043,13,Masculino,Estados Unidos,Freelancer,Alta,1,Casual,PC,Notebook,Diamante,"7,3",5,"3,7","9,8","6,2","0,7",0,5,3,"99,74",16,Premium,"6,6","5,6","3,9","7,6","2,8","5,5","3,7","7,0","5,8",0,5,"0,1",Casado,"4,0",3,"27,5",5,"239,4","9,2",Competidor intenso,"39,88",0,Leve,"1,0","0,46","0,687"
USR000044,26,Masculino,Estados Unidos,Empregado,Média,14,FPS,PC,PC high-end,Ouro,"4,8",6,"1,7","4,2","11,7","1,0",1,5,0,"0,0",1,Premium,"8,3","3,8","3,0","9,2","2,0","4,2","3,7","5,8","6,4",1,0,"3,6",Em um relacionamento,"4,0",1,"20,3",4,"42,0","6,6",Busca escape,"28,09",0,Leve,"1,0","0,395","0,74"
USR000045,26,Masculino,Brasil,Empregado,Média,14,Estratégia,PC,PC intermediario,Ouro,"2,5",1,"1,1","3,2","3,8","0,27",0,3,0,"37,99",8,Básica,"2,7","6,0","1,2","9,1","5,9","6,9","4,1","9,4","7,2",4,2,"1,9",Solteiro,"4,0",3,"0,0",4,"42,0","3,6",Jogador social,"20,49",0,Leve,"1,0","0,55","0,94"
USR000046,28,Feminino,México,Empregado,Média,16,Terror,PC e console,Misto,Prata,"8,9",10,"2,0","10,3","13,9","0,53",5,5,7,"0,0",0,Básica,"7,3","1,7","4,4","9,9","1,0","4,4","3,7","5,4","6,6",4,0,"4,4",Casado,"4,0",7,"30,6",7,"102,0","11,8",Competidor intenso,"37,67",0,Leve,"1,0","0,405","0,786"
USR000047,29,Nao binario,México,Empregado,Baixa,17,Sandbox,Console,PC high-end,Bronze,"1,3",1,"0,6","1,8","3,2","0,12",1,0,7,"15,9",5,Premium,"5,2","7,8","1,0","7,0","5,9","1,3","3,6","7,7","9,1",4,0,"3,0",Solteiro,"4,0",0,"12,0",3,"102,9","3,9",Jogador casual,"22,13",0,Leve,"1,0","0,245","0,769"
USR000048,28,Masculino,Estados Unidos,Freelancer,Média-alta,16,Casual,PC,PC high-end,Platina,"11,9",12,"4,0","16,3","20,6","0,32",2,0,5,"45,19",11,No subscription,"9,3","3,6","8,4","6,0","4,5","6,7","3,8","7,8","5,5",0,3,"3,8",Casado,"4,0",3,"44,2",12,"83,1","13,9",Streamer/Criador,"61,37",1,Severa,"1,0","0,525","1,0"
USR000049,27,Feminino,China,Estudante,Média,15,MOBA,Mobile,PC high-end,Prata,"5,8",9,"1,2","6,0","8,9","0,69",1,0,9,"49,78",12,Básica,"6,5","4,9","4,0","7,1","4,9","4,3","3,6","5,8","7,8",1,3,"4,7",Prefiro nao informar,"2,64",1,"11,8",4,"122,3","7,4",Jogador social,"36,82",0,Leve,"1,0","0,395","0,799"
USR000050,26,Masculino,Reino Unido,Empregado,Média-baixa,14,MMORPG,PC,PC high-end,Bronze,"5,5",9,"2,2","6,3","6,9","0,72",2,0,8,"57,74",12,Ultimate,"7,9","4,2","3,7","6,3","2,9","5,0","4,0","4,1","8,0",1,3,"0,3",Em um relacionamento,"4,0",2,"2,3",8,"80,6","7,2",Busca escape,"31,02",0,Leve,"1,0","0,45","0,928"
USR000051,16,Masculino,Índia,Empregado,Média,4,Estratégia,PC,Mobile,Platina,"4,9",4,"3,1","5,5","7,4","0,43",2,0,2,"0,0",2,Premium,"7,5","7,5","2,4","8,3","1,3","4,4","2,9","4,9","7,7",2,3,"1,9",Em um relacionamento,"4,0",2,"5,7",2,"147,6","6,2",Busca escape,"24,5",0,Leve,"1,0","0,365","1,0"
USR000052,24,Feminino,Rússia,Empregado,Média-baixa,12,MOBA,Console,Console,Bronze,"8,5",12,"2,7","12,2","16,6","0,69",1,0,0,"0,0",0,Básica,"6,8","6,5","4,0","6,2","6,4","5,4","4,6","5,8","5,5",1,0,"0,2",Solteiro,"4,0",4,"29,1",6,"5,0","8,9",Busca escape,"44,93",0,Moderada,"1,0","0,5","0,778"
USR000053,18,Prefiro nao informar,Índia,Estudante,Média-baixa,4,MMORPG,PC,Notebook,Bronze,"9,0",13,"3,7","7,2","11,9","0,24",2,3,6,"28,05",0,Básica,"6,2","6,6","3,9","6,3","4,2","6,5","4,8","7,5","6,5",2,6,"0,0",Prefiro nao informar,"2,45",2,"23,1",4,"151,3","10,4",Jogador compulsivo,"44,91",0,Moderada,"1,0","0,565","0,834"
USR000054,13,Masculino,Estados Unidos,Estudante,Média-baixa,1,Casual,Console,Notebook,Prata,"6,0",7,"2,0","10,6","12,1","0,39",3,0,0,"46,56",8,No subscription,"7,1","4,9","4,2","9,2","5,4","8,3","6,1","8,5","8,0",2,5,"0,9",Em um relacionamento,"2,43",0,"21,0",6,"5,0","8,4",Jogador compulsivo,"29,32",0,Leve,"1,0","0,72","0,861"
USR000055,19,Nao binario,Alemanha,Freelancer,Média-alta,7,Battle Royale,PC e mobile,Notebook,Platina,"5,5",6,"3,0","10,1","8,8","0,92",1,0,8,"36,3",6,Básica,"4,6","1,1","5,1","9,3","2,4","2,5","5,4","5,2","8,0",1,2,"3,1",Em um relacionamento,"4,0",0,"17,6",4,"116,9","6,8",Jogador casual,"32,28",0,Leve,"1,0","0,395","0,788"
USR000056,17,Masculino,Alemanha,Estudante,Média,5,FPS,PC,Misto,Diamante,"6,1",7,"2,6","8,1","3,8","0,77",0,10,0,"38,96",14,No subscription,"6,4","5,1","3,7","3,7","6,3","7,4","5,1","6,4","4,8",1,3,"2,8",Solteiro,"3,12",1,"8,5",6,"102,6","7,8",Competidor toxico,"48,22",0,Moderada,"1,0","0,625","0,732"
USR000057,31,Masculino,Índia,Empregado,Média-baixa,19,Battle Royale,Mobile,Misto,Ouro,"8,8",11,"2,7","11,3","13,3","0,71",4,0,0,"22,72",6,No subscription,"7,5","2,7","4,4","8,5","3,7","5,3","5,8","6,3","7,7",1,2,"2,8",Casado,"4,0",5,"17,2",5,"75,9","9,7",Competidor intenso,"42,75",0,Moderada,"1,0","0,555","0,648"
USR000058,22,Masculino,Japão,Estudante,Média-baixa,10,Esportes,PC,Mobile,Sem ranking,"5,0",8,"1,9","4,0","8,0","0,36",1,1,4,"52,93",3,Básica,"4,5","6,9","4,9","5,1","8,3","3,9","4,0","7,1","8,0",2,5,"0,2",Em um relacionamento,"3,05",3,"0,0",9,"137,5","6,8",Busca escape,"36,65",0,Leve,"1,0","0,395","0,773"
USR000059,17,Feminino,Rússia,Estudante,Média,5,FPS,PC,Console,Diamante,"5,2",5,"1,8","8,8","8,3","0,19",2,0,3,"49,43",6,Ultimate,"5,3","3,9","3,6","7,2","3,9","4,9","2,8","8,8","8,4",3,1,"4,1",Solteiro,"3,41",2,"11,8",7,"116,3","7,8",Jogador compulsivo,"30,64",0,Leve,"1,0","0,385","0,747"
USR000060,19,Masculino,México,Estudante,Média-alta,7,Terror,PC,Mobile,Diamante,"9,8",11,"4,2","7,8","16,4","0,38",0,0,6,"77,17",18,Básica,"7,2","7,9","5,2","7,8","3,8","4,1","6,2","7,5","7,5",1,2,"3,0",Solteiro,"2,81",2,"40,2",12,"5,0","13,3",Streamer/Criador,"48,35",0,Moderada,"1,0","0,515","0,675"
USR000061,22,Masculino,Outro,Desempregado,Baixa,10,MOBA,PC e console,Mobile,Ouro,"6,1",5,"2,5","8,4","10,6","0,66",1,0,5,"22,1",4,No subscription,"7,6","1,7","4,4","8,0","1,0","5,0","3,7","7,0","8,2",1,2,"3,5",Solteiro,"4,0",0,"9,5",6,"149,7","8,1",Busca escape,"33,65",0,Leve,"1,0","0,435","0,901"
USR000062,33,Masculino,Estados Unidos,Empregado,Média-baixa,21,Sandbox,PC,Console,Platina,"4,9",4,"3,2","6,0","5,5","0,31",1,1,0,"31,33",6,No subscription,"4,6","7,2","4,1","5,9","5,5","2,0","3,3","10,0","7,6",2,4,"1,8",Casado,"4,0",2,"7,5",6,"93,1","7,8",Jogador social,"38,28",0,Leve,"1,0","0,265","0,59"
USR000063,14,Masculino,Brasil,Estudante,Média,2,Terror,PC,Console,Ouro,"4,9",7,"2,3","7,3","8,7","0,5",1,0,0,"15,1",11,Básica,"4,8","4,4","4,8","4,8","6,1","3,5","4,2","7,2","7,3",4,1,"6,4",Em um relacionamento,"3,44",3,"0,0",6,"95,5","6,5",Busca escape,"39,29",0,Leve,"1,0","0,385","0,55"
USR000064,24,Feminino,Índia,Freelancer,Média-alta,12,Battle Royale,PC,Console,Diamante,"5,9",5,"1,0","6,8","7,9","0,81",26,10,3,"51,51",7,No subscription,"8,7","5,3","5,5","5,3","7,0","5,8","7,1","6,1","6,5",3,5,"2,3",Solteiro,"4,0",3,"9,4",8,"147,1","7,6",Competidor toxico,"42,61",0,Moderada,"1,0","0,645","0,717"
USR000065,14,Feminino,Brasil,Empregado,Média,2,Esportes,PC,Mobile,Bronze,"10,6",10,"3,0","18,5","17,7","0,22",0,0,1,"65,15",4,Premium,"7,3","5,0","6,2","6,8","8,1","4,2","3,3","7,7","6,9",0,4,"1,2",Em um relacionamento,"4,0",8,"22,2",5,"15,0","12,5",Streamer/Criador,"55,22",1,Moderada,"1,0","0,375","0,899"
USR000066,21,Masculino,Brasil,Estudante,Média,9,Estratégia,PC,Notebook,Sem ranking,"3,8",1,"0,1","4,4","6,4","0,62",1,0,12,"48,58",4,No subscription,"9,3","6,9","4,0","6,4","4,9","10,0","5,9","4,9","6,9",1,0,"1,2",Solteiro,"3,07",5,"7,9",0,"54,4","4,4",Jogador casual,"27,9",0,Leve,"1,0","0,795","0,961"
USR000067,19,Masculino,Estados Unidos,Desempregado,Média,7,Casual,PC,PC high-end,Bronze,"7,6",10,"4,0","12,8","11,4","0,59",0,3,0,"26,9",8,Básica,"7,1","7,0","5,4","8,5","3,8","8,7","6,6","6,1","5,2",0,4,"3,6",Em um relacionamento,"4,0",5,"3,5",3,"136,4","10,4",Competidor intenso,"42,42",0,Moderada,"1,0","0,765","0,829"
USR000068,20,Feminino,Austrália,Empregado,Média,6,MMORPG,PC e mobile,Notebook,Diamante,"7,9",9,"2,9","12,6","13,4","0,42",3,1,13,"74,34",11,Premium,"9,0","6,5","3,6","4,4","6,6","4,0","5,5","7,8","6,4",0,1,"2,3",Em um relacionamento,"4,0",0,"6,9",8,"116,7","10,2",Competidor intenso,"43,58",0,Moderada,"1,0","0,475","0,638"
USR000069,17,Masculino,Estados Unidos,Estudante,Média,3,Estratégia,PC,Console,Ouro,"9,2",14,"4,7","10,1","18,4","0,45",0,2,0,"29,02",7,Ultimate,"5,1","6,4","6,0","8,3","4,7","4,4","4,0","8,1","7,0",1,0,"3,6",Em um relacionamento,"2,47",4,"30,3",5,"98,6","12,4",Streamer/Criador,"45,2",0,Moderada,"1,0","0,42","0,78"
USR000070,22,Nao binario,China,Empregado,Média-alta,10,Sandbox,Console,PC high-end,Diamante,"10,4",12,"3,2","13,5","18,5","0,21",0,1,8,"41,44",7,No subscription,"4,6","3,3","7,8","4,8","5,0","3,2","2,0","7,4","6,2",1,1,"5,6",Em um relacionamento,"4,0",3,"25,2",8,"208,5","11,5",Streamer/Criador,"63,24",1,Severa,"1,0","0,26","0,622"
USR000071,21,Feminino,Austrália,Estudante,Baixa,9,Sandbox,PC e mobile,Console,Prata,"6,8",5,"2,3","10,5","16,4","0,63",0,0,2,"0,0",0,Premium,"9,2","2,6","5,3","5,3","4,0","5,1","2,1","5,0","5,2",2,3,"1,2",Solteiro,"3,03",3,"4,4",8,"189,8","9,0",Jogador compulsivo,"48,23",0,Moderada,"1,0","0,36","0,531"
USR000072,28,Feminino,Estados Unidos,Estudante,Baixa,13,RPG,Mobile,Mobile,Diamante,"9,1",8,"4,1","10,4","14,8","0,54",18,5,2,"24,28",2,No subscription,"6,4","2,9","5,3","6,6","3,2","5,0","4,1","6,0","4,4",0,4,"5,2",Solteiro,"3,61",8,"21,1",9,"97,2","11,5",Competidor toxico,"49,73",0,Moderada,"1,0","0,455","0,826"
USR000073,28,Masculino,Canadá,Empregado,Média-baixa,16,MMORPG,PC,Notebook,Platina,"7,6",10,"2,6","10,7","9,0","0,33",2,0,1,"21,34",12,No subscription,"8,2","4,1","6,2","7,8","4,6","6,0","5,0","9,4","7,1",0,3,"0,6",Em um relacionamento,"4,0",8,"43,8",1,"106,2","10,7",Streamer/Criador,"47,85",0,Moderada,"1,0","0,55","0,802"
USR000074,22,Masculino,Estados Unidos,Desempregado,Média-alta,10,Estratégia,PC e console,Console,Prata,"5,5",6,"3,1","7,6","8,6","0,37",8,5,9,"33,68",11,Premium,"6,0","8,1","3,7","7,0","2,8","5,4","5,3","7,3","5,7",1,2,"1,9",Solteiro,"4,0",3,"21,2",4,"94,2","7,3",Competidor toxico,"34,84",0,Leve,"1,0","0,535","0,843"
USR000075,21,Feminino,México,Freelancer,Média,9,Battle Royale,PC e mobile,Mobile,Bronze,"2,4",1,"0,8","3,9","5,5","0,59",0,0,0,"56,87",12,Premium,"7,8","6,7","4,2","6,2","6,6","6,2","4,9","5,1","8,4",0,0,"4,0",Solteiro,"4,0",0,"20,9",3,"158,7","5,5",Jogador casual,"24,73",0,Leve,"1,0","0,555","0,678"
USR000076,35,Masculino,Brasil,Empregado,Média-alta,23,Casual,PC,Notebook,Prata,"5,8",7,"1,4","5,1","10,3","0,38",16,6,15,"98,04",16,Premium,"7,0","2,6","1,7","3,8","6,5","4,3","2,2","4,2","6,9",3,4,"2,5",Em um relacionamento,"4,0",0,"27,2",0,"36,2","9,2",Competidor toxico,"39,93",0,Leve,"1,0","0,325","0,892"
USR000077,28,Masculino,Outro,Estudante,Média-baixa,16,Estratégia,Console,PC intermediario,Bronze,"0,5",1,"0,0","0,8","1,0","0,43",0,0,2,"26,8",7,Premium,"4,2","4,0","1,0","8,0","2,8","2,0","1,0","7,6","8,3",3,3,"0,3",Em um relacionamento,"3,2",0,"0,0",6,"166,5","2,7",Jogador casual,"14,7",0,Witout addiction,"1,0","0,15","0,434"
USR000078,21,Masculino,Estados Unidos,Empregado,Média,9,MMORPG,PC,PC intermediario,Ouro,"9,1",13,"3,5","17,7","15,2","0,57",5,2,0,"26,95",9,Básica,"3,9","4,7","7,8","6,9","4,5","2,2","3,0","5,1","4,7",1,0,"1,7",Casado,"4,0",5,"31,6",6,"67,3","11,9",Competidor intenso,"51,82",1,Moderada,"1,0","0,26","0,607"
USR000079,19,Feminino,Estados Unidos,Empregado,Média-alta,7,Sandbox,PC,Misto,Platina,"9,5",8,"4,4","11,7","16,0","0,67",2,3,7,"110,37",27,Premium,"7,5","5,5","5,7","5,8","7,9","4,1","4,0","4,1","6,2",1,2,"3,5",Em um relacionamento,"4,0",5,"24,6",6,"64,9","11,5",Jogador compulsivo,"55,86",1,Moderada,"1,0","0,405","0,836"
USR000080,19,Masculino,Austrália,Estudante,Média-alta,7,Sandbox,PC e console,Misto,Mestre,"8,0",9,"3,1","7,0","12,1","0,69",1,0,7,"93,86",18,No subscription,"5,5","2,2","6,8","3,3","6,7","5,9","1,5","5,7","4,8",0,2,"3,2",Solteiro,"2,17",4,"33,6",8,"134,2","9,0",Streamer/Criador,"57,23",1,Moderada,"1,0","0,37","0,803"
USR000081,21,Feminino,Estados Unidos,Estudante,Média-baixa,9,FPS,Mobile,Misto,Ouro,"8,7",9,"3,3","9,0","16,7","0,74",0,1,0,"13,96",0,No subscription,"9,3","2,5","5,5","7,4","5,3","8,3","3,4","3,4","6,2",1,1,"3,5",Solteiro,"2,97",1,"4,3",7,"117,1","11,4",Jogador compulsivo,"45,88",0,Moderada,"1,0","0,585","0,787"
USR000082,29,Feminino,Alemanha,Empregado,Média,17,RPG,PC e console,PC intermediario,Platina,"0,9",1,"1,3","1,8","1,2","0,39",2,1,6,"35,43",12,Premium,"7,8","4,7","1,0","2,7","6,4","6,1","3,8","4,8","7,4",3,2,"2,6",Em um relacionamento,"4,0",2,"9,9",0,"154,7","2,7",Jogador social,"29,49",0,Leve,"1,0","0,495","0,688"
USR000083,22,Feminino,Estados Unidos,Streamer/Criador de conteudo,Baixa,8,RPG,Mobile,Console,Diamante,"7,3",7,"2,6","9,7","12,5","0,52",11,3,12,"33,95",3,Ultimate,"8,6","2,8","5,3","7,0","4,2","6,6","3,4","7,6","6,8",0,4,"3,3",Em um relacionamento,"4,0",3,"11,4",11,"34,5","9,7",Competidor toxico,"43,65",0,Moderada,"1,0","0,5","0,749"
USR000084,20,Feminino,Outro,Empregado,Média,8,MMORPG,PC,PC high-end,Diamante,"6,5",9,"1,6","9,2","12,4","0,61",1,2,1,"52,74",7,Básica,"5,6","4,0","4,2","8,6","4,1","5,7","3,7","7,6","8,7",0,4,"3,8",Divorciado,"4,0",1,"18,4",4,"171,4","9,1",Jogador social,"35,64",0,Leve,"1,0","0,47","0,622"
USR000085,20,Masculino,Estados Unidos,Estudante,Média,8,FPS,PC e console,Mobile,Prata,"6,6",6,"2,9","9,6","12,5","0,45",0,0,1,"39,97",9,Básica,"8,2","6,1","5,4","5,1","7,1","10,0","4,6","4,9","4,7",2,3,"0,0",Divorciado,"2,77",5,"29,4",7,"93,6","8,7",Busca escape,"47,58",0,Moderada,"1,0","0,73","0,965"
USR000086,23,Nao binario,Japão,Estudante,Média,10,MMORPG,Mobile,Mobile,Diamante,"10,4",9,"3,6","18,5","18,0","0,66",0,2,0,"22,77",9,Básica,"9,3","3,0","5,5","8,1","3,1","5,7","4,3","5,7","6,2",0,2,"2,9",Em um relacionamento,"3,03",6,"30,9",10,"11,2","11,3",Streamer/Criador,"48,78",0,Moderada,"1,0","0,5","0,858"
USR000087,29,Masculino,Reino Unido,Estudante,Média,17,FPS,PC,PC intermediario,Prata,"10,0",11,"3,4","13,8","15,4","0,31",2,2,14,"70,18",18,Premium,"8,8","1,8","7,2","5,7","9,0","5,6","5,9","4,7","6,9",0,2,"2,1",Solteiro,"2,83",6,"15,9",6,"116,5","12,9",Jogador compulsivo,"60,88",1,Severa,"1,0","0,575","0,811"
USR000088,27,Masculino,Reino Unido,Freelancer,Média-alta,15,Estratégia,Console,Console,Platina,"7,8",10,"2,9","15,1","13,0","0,21",0,5,9,"59,11",15,No subscription,"8,1","4,3","6,1","5,6","4,7","7,0","6,8","6,4","5,0",1,3,"0,8",Solteiro,"4,0",3,"23,9",6,"62,6","10,4",Competidor toxico,"47,05",0,Moderada,"1,0","0,69","0,936"
USR000089,13,Masculino,Brasil,Empregado,Média-baixa,1,RPG,Console,Misto,Prata,"6,2",3,"1,5","6,1","7,0","0,5",1,1,0,"39,25",5,No subscription,"7,0","5,0","5,0","7,9","3,7","7,1","3,9","7,5","7,4",2,3,"0,0",Em um relacionamento,"4,0",0,"13,4",0,"16,7","8,8",Busca escape,"30,46",0,Leve,"1,0","0,55","0,845"
USR000090,21,Masculino,Alemanha,Estudante,Média-baixa,9,FPS,PC,Misto,Platina,"3,1",3,"1,0","5,3","4,0","0,42",1,0,0,"22,28",3,Básica,"4,3","8,2","3,1","8,8","7,2","3,6","5,8","8,8","7,4",0,2,"0,0",Solteiro,"3,21",0,"7,1",0,"74,9","5,1",Jogador casual,"29,67",0,Leve,"1,0","0,47","0,868"
USR000091,23,Feminino,Japão,Empregado,Média-baixa,8,Estratégia,Mobile,PC intermediario,Prata,"8,2",6,"2,2","12,7","10,1","0,33",0,2,0,"5,7",0,No subscription,"7,8","7,9","6,3","8,8","5,0","7,9","5,9","6,0","6,0",1,4,"1,8",Casado,"4,0",1,"34,2",8,"116,6","11,3",Streamer/Criador,"41,92",0,Moderada,"1,0","0,69","0,884"
USR000092,18,Feminino,Japão,Empregado,Média-baixa,6,Battle Royale,PC e mobile,Mobile,Diamante,"2,5",4,"1,6","4,2","1,0","0,82",1,0,4,"4,1",5,No subscription,"8,0","4,5","2,1","6,7","5,4","4,2","6,9","6,5","7,8",2,6,"1,6",Solteiro,"4,0",0,"14,4",1,"145,5","3,3",Jogador social,"27,82",0,Leve,"1,0","0,555","0,802"
USR000093,24,Feminino,Estados Unidos,Freelancer,Média,10,Casual,PC e console,PC intermediario,Ouro,"1,6",1,"1,1","1,8","1,9","0,06",0,3,6,"38,25",16,Básica,"4,4","4,3","1,4","9,5","2,5","1,0","2,2","7,8","7,5",4,4,"3,1",Em um relacionamento,"4,0",0,"0,0",4,"44,8","3,1",Busca escape,"12,28",0,Witout addiction,"1,0","0,16","0,455"
USR000094,19,Masculino,Austrália,Estudante,Média,7,Terror,Console,PC high-end,Diamante,"3,1",4,"0,8","5,0","4,6","0,69",0,2,2,"46,55",14,No subscription,"8,3","5,1","1,5","4,7","3,3","6,3","4,5","6,2","7,9",5,3,"1,6",Solteiro,"3,08",2,"3,6",4,"134,7","3,9",Jogador casual,"20,99",0,Leve,"1,0","0,54","0,886"
USR000095,29,Masculino,China,Freelancer,Média-baixa,17,Casual,Console,Mobile,Prata,"3,7",4,"2,2","4,7","4,1","0,28",0,0,0,"0,0",4,No subscription,"7,2","6,4","2,6","8,1","3,4","8,1","5,5","6,4","6,1",1,4,"1,1",Casado,"4,0",1,"25,5",6,"22,8","6,1",Jogador social,"24,75",0,Leve,"1,0","0,68","1,0"
USR000096,20,Feminino,Índia,Estudante,Média,5,Sandbox,Mobile,Mobile,Bronze,"5,6",5,"1,4","6,2","8,8","0,53",16,7,0,"29,28",4,No subscription,"9,0","9,3","6,8","8,5","2,9","8,0","8,1","5,3","7,2",2,2,"1,5",Casado,"3,26",1,"14,1",5,"85,6","9,1",Competidor toxico,"36,46",0,Leve,"1,0","0,805","0,985"
USR000097,27,Masculino,Brasil,Estudante,Alta,15,MOBA,Console,Notebook,Prata,"7,0",7,"1,1","10,7","5,6","0,52",0,3,14,"131,65",37,Básica,"7,1","7,8","5,6","10,0","3,8","7,3","5,2","8,1","8,3",1,3,"1,3",Casado,"3,09",4,"17,7",6,"33,4","8,2",Competidor intenso,"29,86",0,Leve,"1,0","0,625","0,881"
USR000098,40,Masculino,Estados Unidos,Empregado,Média,25,MMORPG,PC,PC intermediario,Bronze,"7,1",8,"2,5","6,1","10,1","0,45",0,0,5,"41,49",4,Premium,"7,5","6,3","4,1","7,2","6,9","5,9","8,2","7,9","5,8",2,3,"1,4",Solteiro,"4,0",6,"17,8",5,"126,5","11,1",Jogador social,"43,71",0,Moderada,"1,0","0,705","0,809"
USR000099,16,Masculino,Alemanha,Empregado,Média,4,Esportes,Console,Console,Sem ranking,"4,3",6,"3,3","6,8","7,1","0,45",1,1,1,"14,98",0,Básica,"7,3","5,5","3,4","7,1","3,8","8,0","3,9","8,9","5,2",0,3,"0,3",Divorciado,"4,0",4,"0,0",9,"129,8","4,7",Jogador casual,"35,46",0,Leve,"1,0","0,595","0,803"
USR000100,25,Masculino,Estados Unidos,Empregado,Média,13,Battle Royale,Console,Mobile,Ouro,"6,4",4,"1,2","7,6","9,6","0,4",2,2,0,"15,94",0,Ultimate,"8,5","3,7","6,5","8,5","2,1","4,4","5,5","6,4","6,5",1,4,"0,9",Em um relacionamento,"4,0",2,"24,5",6,"99,7","9,2",Busca escape,"34,97",0,Leve,"1,0","0,495","0,804"
USR000101,26,Masculino,Canadá,Streamer/Criador de conteudo,Média-alta,14,Sandbox,Console,Mobile,Bronze,"8,2",10,"2,6","12,5","11,3","0,6",3,5,0,"46,49",8,Premium,"8,8","8,1","5,1","7,2","1,4","9,4","5,6","4,8","8,0",0,2,"3,8",Solteiro,"4,0",5,"11,0",10,"10,6","10,4",Jogador compulsivo,"43,61",0,Moderada,"1,0","0,75","0,891"
USR000102,21,Masculino,Estados Unidos,Empregado,Média-baixa,9,FPS,Mobile,Notebook,Platina,"6,5",5,"3,0","10,2","10,7","0,49",0,2,4,"12,15",0,Premium,"7,1","2,7","5,0","9,0","3,5","3,3","2,6","8,3","6,2",1,4,"0,4",Em um relacionamento,"4,0",4,"23,0",5,"129,2","7,7",Busca escape,"41,35",0,Moderada,"1,0","0,295","0,658"
USR000103,24,Masculino,México,Empregado,Média,10,Battle Royale,Mobile,PC high-end,Prata,"2,4",1,"0,5","3,1","4,7","0,46",0,3,0,"28,83",5,Básica,"5,7","2,6","1,0","4,5","3,2","3,4","1,0","4,8","9,2",1,2,"3,4",Em um relacionamento,"4,0",1,"17,1",4,"92,5","3,6",Jogador casual,"18,47",0,Witout addiction,"1,0","0,22","0,639"
USR000104,26,Prefiro nao informar,Alemanha,Desempregado,Média-alta,14,Casual,PC e console,Mobile,Prata,"3,2",6,"0,0","5,1","6,6","0,42",0,0,14,"101,8",16,No subscription,"7,7","4,8","3,3","3,9","6,0","8,3","2,5","6,3","7,8",1,2,"3,9",Em um relacionamento,"4,0",4,"13,1",8,"79,8","4,7",Jogador casual,"29,48",0,Leve,"1,0","0,54","0,873"
USR000105,18,Masculino,Estados Unidos,Empregado,Média-alta,6,Battle Royale,PC,Misto,Ouro,"9,3",10,"4,4","10,4","13,4","0,39",3,2,2,"56,59",12,No subscription,"6,1","10,0","7,1","6,3","4,8","6,6","4,0","5,3","4,1",1,4,"1,2",Prefiro nao informar,"4,0",1,"14,1",5,"47,6","11,3",Jogador compulsivo,"58,05",1,Moderada,"1,0","0,53","0,895"
USR000106,13,Masculino,Brasil,Empregado,Média-baixa,1,MOBA,PC,PC high-end,Ouro,"5,5",6,"1,7","6,7","9,2","0,72",1,0,0,"0,0",4,Premium,"4,5","2,2","3,9","6,1","3,5","5,2","1,7","5,7","6,7",1,2,"3,8",Divorciado,"4,0",3,"8,5",0,"59,4","8,5",Jogador social,"36,04",0,Leve,"1,0","0,345","0,483"
USR000107,29,Masculino,Estados Unidos,Empregado,Média-alta,15,Sandbox,PC e console,Notebook,Prata,"5,6",6,"1,5","7,8","5,3","0,18",2,6,2,"107,11",29,Ultimate,"7,8","6,6","3,2","3,1","7,2","7,9","7,7","8,1","7,9",1,2,"1,0",Prefiro nao informar,"4,0",2,"10,2",4,"94,4","8,0",Competidor toxico,"43,93",0,Moderada,"1,0","0,78","0,768"
USR000108,22,Masculino,Rússia,Streamer/Criador de conteudo,Média-baixa,10,Battle Royale,PC,PC intermediario,Bronze,"9,6",11,"4,3","13,7","11,7","0,6",1,1,2,"0,0",0,No subscription,"8,8","3,7","5,1","5,3","3,8","6,6","5,4","6,9","5,7",1,3,"0,5",Solteiro,"4,0",5,"26,5",9,"98,6","11,3",Competidor intenso,"58,18",1,Moderada,"1,0","0,6","0,716"
USR000109,21,Masculino,Canadá,Estudante,Média-alta,8,MMORPG,Mobile,Mobile,Bronze,"2,3",3,"0,6","2,7","1,3","0,36",0,0,2,"38,3",13,Premium,"9,7","2,9","2,0","8,8","4,6","5,9","6,0","6,6","7,6",3,3,"0,3",Em um relacionamento,"3,04",3,"18,2",1,"5,0","4,5",Jogador casual,"19,49",0,Witout addiction,"1,0","0,595","0,802"
USR000110,28,Masculino,Coréia do Sul,Empregado,Baixa,16,MOBA,Mobile,Console,Mestre,"7,2",9,"1,2","8,9","12,9","0,72",2,8,0,"0,0",5,Básica,"6,8","4,6","5,4","6,7","5,6","2,5","5,1","7,9","6,6",2,0,"3,8",Em um relacionamento,"4,0",2,"6,5",10,"109,2","8,1",Competidor toxico,"45,7",0,Moderada,"1,0","0,38","0,717"
USR000111,18,Masculino,Estados Unidos,Empregado,Média-baixa,6,MMORPG,PC e console,Console,Ouro,"10,5",10,"3,6","16,0","18,2","0,27",1,0,4,"45,57",12,No subscription,"5,5","5,3","7,4","5,4","5,9","4,0","5,8","8,2","5,2",0,5,"5,4",Em um relacionamento,"4,0",5,"25,9",11,"113,5","12,8",Streamer/Criador,"58,53",1,Moderada,"1,0","0,49","0,824"
USR000112,15,Masculino,Canadá,Empregado,Baixa,3,RPG,Mobile,PC intermediario,Mestre,"4,9",7,"0,4","6,4","7,1","0,26",1,1,0,"3,16",0,No subscription,"9,0","4,2","3,2","6,7","4,1","5,5","7,7","5,0","7,7",5,3,"3,6",Solteiro,"4,0",0,"22,1",8,"46,6","6,5",Jogador social,"25,54",0,Leve,"1,0","0,66","0,935"
USR000113,22,Nao binario,Canadá,Empregado,Baixa,10,Casual,PC,Console,Bronze,"7,4",6,"0,7","11,4","14,5","0,73",0,2,0,"1,66",3,Básica,"7,9","4,9","3,2","5,8","6,6","5,9","6,2","4,5","7,0",0,4,"3,5",Solteiro,"4,0",3,"29,0",4,"76,1","9,4",Streamer/Criador,"40,42",0,Moderada,"1,0","0,605","0,846"
USR000114,13,Masculino,Índia,Empregado,Média-baixa,1,MMORPG,Mobile,Misto,Ouro,"8,4",9,"2,4","10,5","15,2","0,53",2,3,0,"0,0",1,Premium,"8,5","5,5","6,6","8,8","3,9","6,8","2,6","5,8","5,1",0,3,"0,7",Solteiro,"4,0",5,"15,1",8,"13,0","12,4",Jogador compulsivo,"40,49",0,Moderada,"1,0","0,47","0,57"
USR000115,16,Feminino,França,Estudante,Média-alta,3,FPS,PC,Mobile,Prata,"6,7",7,"2,3","9,9","8,3","0,71",1,4,7,"58,74",13,Básica,"7,8","3,0","4,1","8,0","3,7","6,1","3,3","8,3","6,7",3,5,"0,2",Solteiro,"2,25",5,"30,5",10,"5,0","7,9",Competidor toxico,"31,4",0,Leve,"1,0","0,47","0,711"
USR000116,18,Masculino,Estados Unidos,Empregado,Média,6,Sandbox,PC,Mobile,Platina,"5,2",10,"0,7","6,3","10,1","0,55",2,0,0,"74,09",15,No subscription,"7,1","4,4","2,3","3,4","10,0","6,2","4,2","4,7","6,2",1,3,"0,7",Em um relacionamento,"4,0",0,"12,1",5,"37,6","8,9",Jogador compulsivo,"40,0",0,Moderada,"1,0","0,52","0,834"
USR000117,20,Masculino,Alemanha,Estudante,Baixa,6,RPG,PC e console,Mobile,Sem ranking,"2,4",3,"0,0","3,3","3,7","0,51",0,4,0,"17,43",1,Básica,"6,1","3,5","2,0","4,2","5,9","5,6","1,0","6,6","8,4",4,5,"3,3",Prefiro nao informar,"3,49",2,"0,0",0,"131,4","4,8",Jogador casual,"31,14",0,Leve,"1,0","0,33","0,851"
USR000118,24,Masculino,Rússia,Desempregado,Média,12,Estratégia,Mobile,Notebook,Mestre,"6,4",10,"1,6","9,6","10,8","0,21",0,2,13,"70,14",8,Premium,"6,2","4,3","4,4","7,8","7,0","4,9","6,0","4,7","7,4",1,5,"2,4",Em um relacionamento,"4,0",4,"15,6",6,"100,5","9,3",Busca escape,"38,8",0,Leve,"1,0","0,545","0,794"
USR000119,21,Masculino,Estados Unidos,Empregado,Média-alta,9,MOBA,PC e mobile,Misto,Diamante,"2,3",1,"1,1","2,9","1,3","0,24",0,0,6,"50,4",0,Premium,"6,8","4,8","1,0","8,3","4,5","5,7","3,1","6,9","7,7",2,0,"1,8",Prefiro nao informar,"4,0",1,"16,5",0,"107,2","3,8",Jogador casual,"18,68",0,Witout addiction,"1,0","0,44","0,779"
USR000120,13,Feminino,Estados Unidos,Estudante,Média,1,RPG,Mobile,PC high-end,Ouro,"7,8",11,"3,8","9,5","12,2","0,71",1,0,7,"49,04",0,Premium,"7,8","2,1","7,9","5,0","7,2","6,0","4,9","2,9","4,8",0,4,"0,9",Prefiro nao informar,"3,12",5,"26,2",8,"94,0","8,1",Busca escape,"59,46",1,Moderada,"1,0","0,39","0,706"
USR000121,25,Feminino,Reino Unido,Empregado,Baixa,13,Casual,Mobile,PC intermediario,Diamante,"3,3",6,"0,4","4,0","7,6","0,5",0,2,2,"22,34",6,Premium,"6,7","5,3","3,4","7,2","1,0","3,4","5,2","7,2","7,4",0,0,"2,7",Em um relacionamento,"4,0",0,"12,3",8,"126,5","5,7",Jogador casual,"23,56",0,Leve,"1,0","0,43","0,798"
USR000122,25,Feminino,Estados Unidos,Empregado,Média-alta,13,MOBA,PC,PC intermediario,Mestre,"5,0",9,"1,7","5,5","10,2","0,81",0,0,8,"79,39",16,No subscription,"6,5","3,2","3,4","7,1","5,1","4,9","5,5","8,5","8,3",1,1,"4,1",Solteiro,"4,0",7,"13,5",3,"22,4","6,7",Busca escape,"36,59",0,Leve,"1,0","0,52","0,698"
USR000123,21,Masculino,Estados Unidos,Empregado,Média,9,Casual,Mobile,PC high-end,Diamante,"9,6",10,"2,5","15,2","17,5","0,95",2,0,6,"57,23",4,No subscription,"8,6","4,4","7,5","7,1","7,4","8,0","3,9","7,5","8,4",2,3,"2,4",Em um relacionamento,"4,0",6,"17,0",8,"112,0","11,0",Streamer/Criador,"50,66",1,Moderada,"1,0","0,595","0,86"
USR000124,14,Masculino,Rússia,Freelancer,Média-baixa,2,MMORPG,PC,PC high-end,Mestre,"6,8",4,"2,0","10,5","8,6","0,44",6,2,7,"20,4",9,Premium,"8,0","4,9","5,9","9,5","3,1","7,0","5,1","7,0","5,9",2,4,"3,6",Casado,"4,0",1,"6,5",10,"239,3","9,1",Competidor intenso,"35,17",0,Leve,"1,0","0,605","0,751"
USR000125,24,Feminino,Rússia,Empregado,Média-baixa,11,Terror,PC,Mobile,Prata,"9,7",9,"3,2","14,0","18,8","0,38",0,2,3,"0,54",4,No subscription,"8,0","2,2","5,9","6,3","6,1","4,8","4,9","6,3","6,1",0,2,"0,7",Em um relacionamento,"4,0",6,"22,6",11,"171,5","12,5",Competidor intenso,"57,77",1,Moderada,"1,0","0,46","0,672"
USR000126,15,Masculino,Índia,Desempregado,Média,3,Terror,Console,PC intermediario,Prata,"5,2",3,"0,9","10,4","3,9","0,36",9,7,8,"36,45",2,Premium,"4,2","4,0","4,5","8,0","4,4","1,6","2,7","7,7","5,8",3,1,"2,3",Solteiro,"4,0",4,"5,9",4,"109,3","6,4",Competidor toxico,"34,58",0,Leve,"1,0","0,215","0,684"
USR000127,27,Masculino,Índia,Desempregado,Média,11,MMORPG,PC,Notebook,Diamante,"5,3",8,"1,4","11,3","9,7","0,5",0,0,13,"13,96",0,Básica,"7,5","6,4","2,6","9,2","2,2","6,3","6,0","7,0","6,6",3,2,"0,6",Em um relacionamento,"4,0",1,"25,2",3,"5,0","6,5",Jogador casual,"26,73",0,Leve,"1,0","0,615","0,976"
USR000128,13,Feminino,Estados Unidos,Estudante,Média,1,Battle Royale,Mobile,PC intermediario,Grao-mestre,"8,1",9,"3,4","14,7","15,9","0,4",1,1,3,"15,07",0,Premium,"5,3","1,0","6,2","9,1","3,1","5,3","1,8","7,6","6,1",3,2,"6,1",Solteiro,"2,71",5,"17,9",2,"96,0","9,5",Streamer/Criador,"48,05",0,Moderada,"1,0","0,355","0,71"
USR000129,24,Nao binario,Índia,Estudante,Média,9,FPS,PC,Mobile,Bronze,"2,0",4,"1,2","2,3","3,8","0,64",0,0,4,"45,65",15,Básica,"5,3","4,0","1,5","5,4","6,5","3,5","5,5","10,0","6,5",2,2,"3,1",Solteiro,"3,01",1,"14,1",10,"82,8","5,4",Jogador casual,"30,79",0,Leve,"1,0","0,45","0,888"
USR000130,27,Masculino,Japão,Empregado,Média,9,MMORPG,PC,Console,Prata,"8,3",9,"2,0","16,6","11,6","0,3",2,0,1,"67,84",3,No subscription,"8,1","4,0","3,8","6,0","6,0","5,4","6,3","3,5","6,9",1,5,"2,9",Em um relacionamento,"4,0",3,"16,9",5,"57,3","11,2",Busca escape,"48,65",0,Moderada,"1,0","0,585","0,815"
USR000131,29,Masculino,Alemanha,Empregado,Média-baixa,17,Casual,PC e mobile,PC high-end,Bronze,"2,5",2,"1,1","3,1","5,6","0,46",1,0,1,"43,21",12,No subscription,"2,3","4,2","1,0","6,5","4,7","2,9","3,4","8,9","6,1",4,0,"1,7",Em um relacionamento,"4,0",0,"2,1",0,"46,2","5,7",Jogador social,"25,23",0,Leve,"0,948","0,315","0,777"
USR000132,24,Masculino,Estados Unidos,Freelancer,Média,12,Sandbox,PC e console,Misto,Platina,"7,2",5,"1,0","12,5","12,3","0,47",5,2,5,"67,76",19,Ultimate,"7,8","6,6","5,0","4,8","6,4","8,3","7,3","5,6","6,6",2,7,"0,0",Solteiro,"4,0",6,"19,4",4,"116,6","10,6",Jogador compulsivo,"44,47",0,Moderada,"1,0","0,78","0,85"
USR000133,21,Masculino,Estados Unidos,Empregado,Média,9,MOBA,PC,Console,Prata,"4,9",7,"3,5","5,6","7,2","0,7",0,0,2,"29,7",5,No subscription,"6,9","6,1","4,8","6,0","4,2","6,6","5,0","6,9","7,1",1,1,"0,4",Prefiro nao informar,"4,0",3,"20,7",3,"128,6","7,0",Jogador casual,"41,99",0,Moderada,"1,0","0,58","0,827"
USR000134,22,Masculino,Estados Unidos,Empregado,Baixa,7,RPG,Console,Misto,Platina,"3,4",1,"1,3","5,8","7,5","0,38",2,0,0,"3,73",8,Premium,"4,6","6,7","2,7","4,6","6,8","2,9","6,1","10,0","7,0",3,1,"1,0",Solteiro,"4,0",3,"0,0",4,"162,7","3,7",Jogador social,"34,13",0,Leve,"1,0","0,45","0,646"
USR000135,27,Feminino,Indonésia,Streamer/Criador de conteudo,Média,15,Battle Royale,Mobile,PC high-end,Grao-mestre,"2,5",5,"0,6","3,2","4,5","0,64",2,1,9,"42,68",12,No subscription,"8,0","6,3","2,6","5,4","2,8","7,3","7,7","4,8","7,7",0,4,"0,0",Solteiro,"4,0",0,"15,7",1,"134,8","3,7",Jogador casual,"26,87",0,Leve,"1,0","0,75","0,926"
USR000136,20,Masculino,Rússia,Empregado,Baixa,6,Casual,Mobile,Misto,Prata,"6,5",6,"2,9","7,3","8,6","0,55",6,1,0,"8,27",3,Premium,"5,5","7,6","6,7","5,8","6,7","5,2","6,0","6,5","7,0",0,4,"1,5",Em um relacionamento,"4,0",3,"14,3",5,"151,2","9,4",Jogador compulsivo,"48,15",0,Moderada,"1,0","0,56","0,873"
USR000137,21,Masculino,Outro,Estudante,Média-baixa,9,Terror,PC,Notebook,Bronze,"2,1",1,"0,0","3,0","2,8","0,3",0,5,4,"0,0",8,No subscription,"5,5","7,1","1,0","7,8","1,4","2,8","2,5","6,9","6,7",1,1,"0,0",Solteiro,"3,08",1,"8,5",5,"36,4","3,6",Jogador casual,"19,62",0,Witout addiction,"1,0","0,265","0,801"
USR000138,18,Feminino,Reino Unido,Empregado,Média-baixa,4,Casual,PC,Misto,Bronze,"6,3",10,"2,8","5,4","14,0","0,14",0,0,0,"20,74",3,Premium,"4,4","7,8","5,7","6,4","3,6","5,7","4,9","7,6","6,9",1,1,"1,5",Solteiro,"4,0",3,"7,5",0,"116,9","6,4",Busca escape,"44,75",0,Moderada,"1,0","0,495","0,874"
USR000139,20,Masculino,Estados Unidos,Empregado,Média-alta,8,FPS,PC e console,PC high-end,Platina,"2,1",1,"1,4","2,6","1,4","0,82",2,3,0,"88,17",16,Básica,"7,4","1,0","2,9","5,6","5,6","5,6","2,0","8,3","8,4",1,4,"0,9",Solteiro,"4,0",1,"7,9",7,"241,6","3,4",Jogador social,"28,91",0,Leve,"1,0","0,38","0,69"
USR000140,19,Feminino,Outro,Freelancer,Alta,7,Esportes,Console,Console,Platina,"5,2",8,"2,0","7,0","8,1","0,04",32,8,7,"159,71",26,Ultimate,"5,8","3,6","4,0","8,1","5,0","8,4","3,7","10,0","5,8",0,6,"2,3",Casado,"4,0",3,"22,1",3,"200,1","6,1",Competidor toxico,"30,49",0,Leve,"1,0","0,605","0,882"
USR000141,20,Masculino,Brasil,Freelancer,Baixa,3,Battle Royale,Mobile,Mobile,Ouro,"1,3",3,"1,0","1,2","1,6","0,61",2,1,4,"0,0",0,No subscription,"6,2","5,4","1,0","5,9","5,3","6,6","2,3","8,2","6,2",3,0,"0,0",Solteiro,"4,0",0,"0,0",4,"62,0","2,8",Jogador casual,"24,91",0,Leve,"1,0","0,445","0,609"
USR000142,34,Masculino,Reino Unido,Freelancer,Alta,21,MOBA,PC,PC intermediario,Prata,"1,2",2,"0,4","1,8","1,0","0,96",1,2,12,"182,6",35,Premium,"6,4","7,8","1,8","4,0","6,9","5,4","4,3","8,1","6,7",3,2,"0,8",Solteiro,"4,0",2,"9,6",3,"183,0","4,0",Jogador casual,"26,17",0,Leve,"1,0","0,56","0,723"
USR000143,17,Feminino,Rússia,Empregado,Média,5,RPG,PC,Mobile,Platina,"5,8",8,"1,3","8,4","6,9","0,22",1,0,14,"60,0",1,Premium,"8,9","8,7","4,9","5,1","7,4","8,8","8,6","4,7","8,2",3,4,"0,2",Solteiro,"4,0",5,"12,9",7,"91,9","7,1",Jogador casual,"43,0",0,Moderada,"1,0","0,87","0,903"
USR000144,15,Masculino,Rússia,Empregado,Alta,3,Sandbox,PC e console,Misto,Grao-mestre,"9,1",10,"3,5","14,3","16,1","0,43",0,0,18,"151,45",25,Básica,"4,8","5,3","6,5","5,6","5,5","7,0","4,9","8,0","6,5",0,3,"3,5",Em um relacionamento,"4,0",6,"20,6",4,"73,2","12,6",Streamer/Criador,"55,87",1,Moderada,"1,0","0,64","0,669"
USR000145,19,Masculino,Indonésia,Freelancer,Média-baixa,6,MMORPG,Console,Misto,Mestre,"6,9",8,"2,3","12,7","10,8","0,45",0,0,1,"45,07",9,Premium,"7,5","3,6","5,4","1,1","9,4","3,6","3,5","7,2","7,0",1,5,"2,0",Solteiro,"4,0",2,"23,8",1,"5,0","9,4",Streamer/Criador,"57,73",1,Moderada,"1,0","0,355","0,587"
USR000146,17,Masculino,Índia,Estudante,Média,5,Estratégia,Console,Mobile,Ouro,"5,8",8,"2,4","5,9","7,4","0,48",5,2,11,"74,05",18,Premium,"5,5","4,8","2,2","7,4","5,5","3,9","4,2","9,5","8,1",2,1,"1,9",Solteiro,"3,14",3,"15,8",4,"112,1","7,1",Jogador compulsivo,"30,32",0,Leve,"1,0","0,405","0,839"
USR000147,28,Masculino,Estados Unidos,Empregado,Baixa,16,RPG,PC,Misto,Grao-mestre,"6,6",5,"2,6","7,5","13,7","0,22",1,1,3,"37,55",6,Básica,"9,2","5,8","3,7","7,0","4,8","5,9","3,6","5,2","5,6",2,1,"0,4",Em um relacionamento,"4,0",4,"12,5",7,"129,3","9,2",Busca escape,"35,91",0,Leve,"1,0","0,475","0,812"
USR000148,22,Feminino,Alemanha,Estudante,Média-alta,10,Battle Royale,Console,PC high-end,Ouro,"2,9",4,"0,4","2,3","1,0","0,67",0,0,6,"70,73",21,Premium,"8,8","4,2","2,5","4,3","5,3","5,4","4,3","3,9","7,9",0,1,"1,0",Em um relacionamento,"2,59",2,"0,0",1,"124,6","6,8",Jogador casual,"31,25",0,Leve,"1,0","0,485","0,85"
USR000149,16,Masculino,Índia,Estudante,Média-baixa,4,MOBA,Console,Mobile,Diamante,"7,9",11,"3,4","8,2","13,8","0,72",0,0,0,"0,0",2,Premium,"6,5","3,4","5,4","5,3","3,5","5,6","4,4","6,2","5,7",0,5,"2,0",Solteiro,"3,1",7,"22,1",6,"127,6","10,9",Streamer/Criador,"43,58",0,Moderada,"1,0","0,5","0,807"
USR000150,25,Masculino,Índia,Empregado,Baixa,13,Sandbox,PC,PC intermediario,Bronze,"5,3",4,"1,2","5,2","10,4","0,3",0,8,0,"28,48",8,Premium,"7,3","5,6","2,6","2,7","7,2","6,8","4,5","5,9","8,3",0,2,"3,6",Solteiro,"4,0",5,"28,0",2,"123,2","7,4",Competidor toxico,"37,4",0,Leve,"1,0","0,565","0,741"
USR000151,15,Masculino,China,Estudante,Média-alta,3,Estratégia,PC e console,PC intermediario,Platina,"3,0",5,"2,6","2,9","1,8","0,37",21,6,5,"41,16",12,Básica,"6,1","3,1","2,5","7,1","4,5","5,3","3,0","3,3","5,2",5,2,"5,2",Solteiro,"2,6",4,"0,0",8,"31,5","4,6",Competidor toxico,"34,04",0,Leve,"1,0","0,415","0,576"
USR000152,14,Feminino,Reino Unido,Empregado,Média,2,Esportes,PC e console,Misto,Ouro,"7,0",4,"3,3","11,1","8,7","0,6",1,0,9,"67,33",11,Premium,"10,0","5,4","4,2","5,9","5,5","8,3","4,6","3,4","6,6",1,0,"1,8",Solteiro,"4,0",4,"0,0",2,"124,8","9,9",Busca escape,"45,1",0,Moderada,"1,0","0,645","1,0"
USR000153,30,Feminino,Índia,Empregado,Média,18,Terror,Mobile,Misto,Diamante,"5,4",6,"1,4","9,4","9,5","0,23",2,2,0,"48,33",14,Básica,"5,4","7,3","3,0","5,1","5,6","4,5","6,0","5,7","7,2",0,4,"0,0",Casado,"4,0",3,"17,6",5,"69,4","6,8",Busca escape,"31,34",0,Leve,"1,0","0,525","0,857"
USR000154,27,Nao binario,Reino Unido,Empregado,Baixa,15,Terror,PC,Mobile,Mestre,"7,9",10,"2,3","12,5","13,7","0,42",5,0,9,"22,4",7,No subscription,"6,8","4,9","6,5","7,4","4,4","4,9","6,0","5,8","7,4",2,0,"2,6",Em um relacionamento,"4,0",3,"5,0",9,"177,9","11,1",Competidor intenso,"45,54",0,Moderada,"1,0","0,545","0,749"
USR000155,30,Masculino,Índia,Estudante,Média-baixa,18,FPS,Console,Misto,Bronze,"3,8",4,"0,8","5,0","4,2","0,42",1,1,8,"11,25",10,No subscription,"8,8","5,6","3,2","10,0","1,0","8,2","4,4","6,3","6,2",1,2,"2,1",Solteiro,"3,0",0,"19,6",4,"142,2","6,1",Jogador social,"21,2",0,Leve,"1,0","0,63","0,901"
USR000156,19,Masculino,Reino Unido,Estudante,Baixa,7,FPS,PC,PC high-end,Prata,"6,5",11,"2,2","13,7","10,9","0,56",1,3,0,"2,88",4,No subscription,"6,4","4,6","6,0","8,6","2,6","5,5","4,1","4,9","6,2",3,4,"1,6",Em um relacionamento,"2,86",0,"22,7",1,"99,7","9,3",Jogador social,"39,91",0,Leve,"1,0","0,48","0,857"
USR000157,20,Feminino,Outro,Empregado,Média,8,Battle Royale,PC,Notebook,Platina,"2,2",1,"0,2","3,5","1,7","0,4",0,0,3,"20,67",2,No subscription,"4,5","4,6","1,0","8,5","3,4","5,3","3,3","7,2","7,0",2,4,"1,0",Prefiro nao informar,"4,0",0,"14,8",3,"93,7","3,7",Jogador social,"12,61",0,Witout addiction,"1,0","0,43","0,773"
USR000158,13,Feminino,Canadá,Empregado,Média-alta,1,MMORPG,Console,Misto,Sem ranking,"5,8",5,"2,6","5,1","8,5","0,5",1,0,3,"25,3",1,No subscription,"6,1","9,4","4,0","9,8","1,0","5,5","5,7","6,7","5,7",0,2,"0,5",Em um relacionamento,"4,0",3,"20,9",7,"45,7","8,7",Busca escape,"27,7",0,Leve,"1,0","0,56","0,829"
USR000159,18,Masculino,Estados Unidos,Estudante,Média-baixa,4,Terror,PC e console,Mobile,Ouro,"9,2",9,"2,1","7,4","13,9","0,17",0,3,1,"25,59",6,Ultimate,"3,3","8,3","5,9","6,9","7,6","3,1","5,4","8,5","4,7",1,4,"0,0",Solteiro,"3,1",3,"26,9",7,"94,1","11,0",Streamer/Criador,"45,88",0,Moderada,"1,0","0,425","0,788"
USR000160,18,Masculino,Alemanha,Desempregado,Média,6,Esportes,PC e console,PC intermediario,Prata,"0,5",1,"0,9","0,5","1,0","0,38",1,1,15,"66,7",22,Ultimate,"2,9","8,2","1,0","2,8","6,8","6,7","6,0","10,0","7,9",2,2,"1,8",Casado,"4,0",0,"9,3",0,"163,6","2,8",Jogador casual,"23,2",0,Leve,"1,0","0,635","0,886"
USR000161,29,Feminino,Estados Unidos,Empregado,Média,17,MMORPG,PC,Mobile,Prata,"11,4",15,"4,4","20,0","17,2","0,28",0,2,8,"77,28",19,Básica,"10,0","4,6","6,6","9,3","5,2","7,5","4,5","4,5","6,2",0,3,"0,1",Solteiro,"4,0",1,"27,7",10,"51,3","13,6",Streamer/Criador,"55,9",1,Moderada,"1,0","0,6","0,745"
USR000162,16,Masculino,Índia,Empregado,Alta,1,Terror,PC,Console,Bronze,"9,4",13,"4,1","11,4","17,5","0,26",3,0,0,"48,93",13,Básica,"5,5","7,7","6,4","8,9","1,6","4,4","7,0","8,3","6,4",0,0,"0,0",Solteiro,"4,0",3,"30,4",7,"137,0","11,8",Competidor intenso,"44,25",0,Moderada,"1,0","0,57","0,887"
USR000163,23,Feminino,Japão,Empregado,Média-baixa,11,Casual,PC,Console,Bronze,"9,9",14,"3,8","9,9","13,0","0,53",2,3,0,"51,23",8,Básica,"5,8","1,5","6,7","3,9","5,9","4,7","1,5","7,8","6,3",0,2,"4,0",Em um relacionamento,"4,0",0,"25,9",9,"5,0","11,4",Streamer/Criador,"58,26",1,Moderada,"1,0","0,31","0,858"
USR000164,18,Feminino,Alemanha,Empregado,Alta,6,Casual,PC,Notebook,Diamante,"10,7",11,"4,3","15,5","18,3","0,78",0,1,5,"7,7",0,No subscription,"9,6","5,5","6,2","10,0","1,0","5,4","6,1","3,7","5,9",0,5,"1,3",Solteiro,"4,0",5,"41,1",7,"119,3","13,4",Streamer/Criador,"43,75",0,Moderada,"1,0","0,575","0,692"
USR000165,23,Masculino,Estados Unidos,Empregado,Média-baixa,11,RPG,PC,Mobile,Prata,"9,5",11,"3,2","7,6","16,9","0,41",8,0,0,"28,14",2,Básica,"7,9","4,0","5,8","8,7","2,8","5,9","2,7","3,4","5,9",1,1,"0,0",Solteiro,"4,0",5,"39,6",7,"61,0","10,3",Competidor intenso,"46,31",0,Moderada,"1,0","0,43","0,865"
USR000166,32,Feminino,Índia,Empregado,Média,20,Estratégia,Mobile,Misto,Platina,"7,4",11,"2,4","10,1","15,4","0,82",6,1,6,"44,13",5,Ultimate,"8,6","5,1","4,3","5,2","7,2","8,8","4,9","5,4","7,1",1,2,"2,9",Solteiro,"4,0",5,"39,4",5,"126,8","9,1",Jogador compulsivo,"49,6",0,Moderada,"1,0","0,67","0,895"
USR000167,27,Prefiro nao informar,Estados Unidos,Empregado,Média,15,Estratégia,PC e mobile,PC intermediario,Platina,"7,9",8,"3,3","7,9","14,1","0,62",4,4,2,"33,02",12,Premium,"6,5","3,8","4,8","9,1","3,7","3,4","3,9","7,4","6,1",0,0,"0,6",Casado,"4,0",0,"31,5",8,"49,7","10,5",Competidor intenso,"44,69",0,Moderada,"1,0","0,365","0,787"
USR000168,29,Masculino,Japão,Empregado,Média-alta,17,Sandbox,PC,PC high-end,Ouro,"8,5",5,"3,7","10,5","13,7","0,3",0,3,7,"57,56",13,No subscription,"9,7","5,9","5,3","4,7","5,4","6,7","7,1","5,3","6,0",1,5,"3,3",Em um relacionamento,"4,0",3,"22,2",4,"20,9","9,5",Streamer/Criador,"54,22",1,Moderada,"1,0","0,69","0,934"
USR000169,23,Feminino,Estados Unidos,Desempregado,Baixa,11,RPG,PC,Console,Platina,"7,1",9,"2,2","8,6","10,1","0,04",7,0,1,"0,0",0,No subscription,"7,5","2,5","5,9","4,8","6,6","5,3","4,2","2,3","8,1",1,3,"2,0",Divorciado,"4,0",4,"0,0",7,"131,6","8,7",Competidor intenso,"47,26",0,Moderada,"1,0","0,475","0,904"
USR000170,13,Masculino,Estados Unidos,Estudante,Média-baixa,1,Estratégia,Mobile,PC high-end,Platina,"6,7",9,"2,0","8,0","10,3","0,36",1,0,0,"4,96",0,Ultimate,"6,0","4,6","5,5","10,0","1,0","4,0","3,0","9,3","6,0",2,3,"2,2",Prefiro nao informar,"3,03",2,"13,5",13,"114,6","7,6",Busca escape,"33,5",0,Leve,"1,0","0,35","0,622"
USR000171,32,Masculino,Índia,Empregado,Média-baixa,20,MMORPG,PC,Console,Prata,"6,3",8,"2,3","9,3","12,5","0,28",2,0,0,"49,88",10,Ultimate,"6,2","4,1","6,5","7,3","4,5","4,4","4,9","3,7","6,1",1,1,"1,3",Em um relacionamento,"4,0",1,"21,7",6,"102,3","8,6",Busca escape,"40,94",0,Moderada,"1,0","0,465","0,919"
USR000172,28,Feminino,Indonésia,Empregado,Baixa,16,Casual,PC,Misto,Bronze,"7,0",9,"2,5","11,5","8,5","0,49",4,6,5,"7,74",4,Básica,"6,9","1,7","5,7","2,7","7,0","6,1","3,1","8,1","5,2",3,2,"4,0",Solteiro,"4,0",1,"20,0",4,"157,9","9,5",Competidor intenso,"54,1",1,Moderada,"1,0","0,46","0,795"
USR000173,13,Masculino,México,Streamer/Criador de conteudo,Alta,1,Esportes,Console,Console,Mestre,"9,6",11,"5,2","7,7","18,7","0,73",1,3,16,"118,12",19,Premium,"7,5","5,0","5,6","7,3","5,4","6,0","6,5","7,5","4,4",0,3,"1,6",Em um relacionamento,"4,0",5,"22,1",8,"178,8","11,3",Streamer/Criador,"54,82",1,Moderada,"1,0","0,625","0,879"
USR000174,17,Masculino,México,Freelancer,Média-baixa,1,Estratégia,PC,Console,Ouro,"10,2",11,"3,1","16,0","12,8","0,62",2,0,7,"7,32",6,Ultimate,"7,0","5,8","8,6","6,1","5,3","6,5","5,0","5,9","5,0",0,1,"2,5",Em um relacionamento,"4,0",4,"31,5",11,"79,1","12,5",Jogador compulsivo,"56,29",1,Moderada,"1,0","0,575","0,853"
USR000175,27,Masculino,Reino Unido,Freelancer,Média-baixa,15,RPG,PC,PC high-end,Ouro,"4,8",5,"1,8","8,4","7,7","0,37",0,5,10,"18,81",5,Básica,"2,6","4,6","3,6","8,2","5,1","3,0","1,0","7,5","8,2",1,3,"2,2",Solteiro,"4,0",0,"0,0",8,"22,2","8,8",Jogador social,"30,64",0,Leve,"1,0","0,2","0,79"
USR000176,27,Nao binario,Rússia,Empregado,Média,15,Casual,Console,Misto,Platina,"9,1",10,"3,8","11,9","11,8","0,1",11,2,0,"64,5",12,No subscription,"10,0","4,0","4,7","6,7","5,2","7,0","4,3","3,5","6,6",0,0,"4,1",Em um relacionamento,"4,0",7,"25,1",12,"159,0","14,1",Competidor intenso,"49,11",0,Moderada,"1,0","0,565","0,87"
USR000177,17,Masculino,Indonésia,Empregado,Baixa,5,FPS,PC,Console,Platina,"6,6",6,"2,3","11,5","11,4","0,54",1,2,0,"28,67",13,Premium,"5,2","3,2","3,6","6,3","7,6","4,0","1,7","6,2","5,6",3,0,"2,5",Solteiro,"4,0",5,"25,2",11,"61,9","9,3",Busca escape,"45,13",0,Moderada,"1,0","0,285","0,516"
USR000178,28,Feminino,Outro,Empregado,Média-baixa,16,Battle Royale,Console,Mobile,Ouro,"8,3",11,"2,0","11,0","16,2","0,98",4,0,0,"13,0",0,Premium,"6,4","3,0","6,2","7,1","4,1","7,1","3,4","4,0","7,1",0,3,"0,0",Solteiro,"4,0",4,"14,7",6,"5,0","10,2",Jogador compulsivo,"42,39",0,Moderada,"1,0","0,525","0,763"
USR000179,30,Feminino,Outro,Empregado,Média-baixa,18,Casual,PC e mobile,Notebook,Platina,"8,7",11,"2,7","18,0","13,2","0,16",1,1,0,"20,94",8,Premium,"6,2","4,7","3,8","6,6","5,4","5,8","6,8","7,6","7,7",0,5,"4,2",Casado,"4,0",0,"41,7",6,"67,1","11,6",Busca escape,"44,79",0,Moderada,"1,0","0,63","0,891"
USR000180,18,Masculino,Rússia,Estudante,Baixa,6,Estratégia,Console,Misto,Ouro,"10,1",11,"2,7","17,4","17,0","0,12",3,0,4,"35,94",5,No subscription,"5,8","6,0","6,5","6,8","4,5","3,5","3,9","6,7","8,0",1,2,"0,0",Solteiro,"2,86",3,"23,3",13,"151,0","12,3",Jogador compulsivo,"47,13",0,Moderada,"1,0","0,37","0,73"
USR000181,24,Masculino,Coréia do Sul,Desempregado,Média-alta,10,MMORPG,Mobile,PC intermediario,Bronze,"9,8",11,"3,0","12,6","12,3","0,28",1,1,8,"113,98",23,Ultimate,"6,5","5,4","5,5","5,1","6,4","5,5","4,6","5,6","8,5",0,3,"1,0",Em um relacionamento,"4,0",3,"13,1",10,"95,1","11,1",Streamer/Criador,"51,44",1,Moderada,"1,0","0,505","0,91"
USR000182,18,Nao binario,Reino Unido,Estudante,Média-baixa,6,Battle Royale,Mobile,Notebook,Bronze,"1,4",1,"0,2","1,8","1,0","0,73",0,0,11,"54,85",10,Premium,"5,0","2,0","1,1","4,5","5,8","5,0","4,9","6,4","9,5",0,4,"2,6",Em um relacionamento,"3,52",0,"0,0",2,"122,7","4,9",Jogador casual,"19,25",0,Witout addiction,"1,0","0,495","0,94"
USR000183,26,Nao binario,Canadá,Empregado,Média,14,RPG,Console,Notebook,Prata,"0,5",1,"0,8","0,6","1,0","0,13",1,4,3,"51,98",16,Básica,"6,2","3,9","1,4","8,0","3,1","4,0","3,7","7,9","8,2",2,1,"1,6",Em um relacionamento,"4,0",1,"14,9",2,"63,2","4,3",Jogador casual,"14,53",0,Witout addiction,"1,0","0,385","0,753"
USR000184,30,Masculino,França,Streamer/Criador de conteudo,Média,16,Esportes,PC e console,Misto,Sem ranking,"3,5",4,"2,1","5,7","7,0","0,48",2,0,3,"53,62",13,Básica,"5,2","2,3","2,5","4,3","7,9","4,8","2,8","7,5","6,6",0,3,"0,0",Em um relacionamento,"4,0",8,"0,0",9,"69,1","6,6",Jogador casual,"38,82",0,Leve,"1,0","0,38","0,953"
USR000185,24,Masculino,Índia,Estudante,Média,12,Battle Royale,PC,PC high-end,Platina,"5,5",5,"0,6","7,0","10,0","0,71",0,1,12,"23,73",0,Premium,"6,8","4,1","2,7","7,9","3,7","3,9","4,2","5,6","7,0",1,2,"2,9",Solteiro,"2,9",4,"20,7",8,"136,6","7,8",Jogador social,"28,96",0,Leve,"1,0","0,405","0,767"
USR000186,17,Masculino,Estados Unidos,Desempregado,Baixa,5,Casual,Mobile,Notebook,Prata,"8,6",12,"4,7","12,2","13,5","0,31",4,4,0,"12,1",0,Ultimate,"8,3","5,3","4,7","6,8","4,8","6,2","4,4","5,9","3,4",0,4,"1,8",Solteiro,"4,0",7,"16,8",10,"139,2","12,1",Competidor intenso,"53,41",1,Moderada,"1,0","0,53","0,872"
USR000187,28,Masculino,Estados Unidos,Empregado,Média,16,Sandbox,PC,Console,Platina,"6,9",9,"2,1","6,7","9,0","0,5",12,6,0,"23,69",9,No subscription,"8,2","6,4","4,8","8,2","4,0","7,0","5,9","6,8","8,6",0,4,"0,4",Solteiro,"4,0",3,"18,8",4,"108,6","9,6",Competidor toxico,"37,35",0,Leve,"1,0","0,645","0,803"
USR000188,22,Feminino,Índia,Empregado,Média-baixa,10,Terror,PC,PC intermediario,Platina,"5,9",6,"1,9","9,0","12,0","0,42",1,0,2,"40,02",3,Premium,"7,1","7,1","4,7","7,5","2,8","6,4","4,9","3,6","5,7",1,2,"0,6",Solteiro,"4,0",1,"12,1",4,"5,0","8,4",Jogador social,"40,24",0,Moderada,"1,0","0,565","0,844"
USR000189,30,Feminino,Outro,Freelancer,Média,15,MMORPG,PC e console,PC high-end,Ouro,"3,5",6,"1,1","4,9","3,1","0,22",1,1,0,"16,82",3,Premium,"8,8","1,7","3,8","8,1","5,8","3,8","5,2","4,6","7,8",2,3,"3,1",Divorciado,"4,0",3,"0,0",3,"29,3","5,3",Busca escape,"29,87",0,Leve,"1,0","0,45","0,658"
USR000190,22,Masculino,Japão,Streamer/Criador de conteudo,Média-baixa,10,FPS,Mobile,PC intermediario,Prata,"6,2",8,"1,5","6,6","11,7","0,57",30,5,19,"69,75",9,Premium,"8,3","5,0","4,4","3,3","7,9","6,5","5,3","4,2","5,4",3,2,"1,6",Prefiro nao informar,"4,0",3,"29,5",4,"75,1","7,4",Competidor toxico,"48,1",0,Moderada,"1,0","0,59","0,971"
USR000191,13,Masculino,Estados Unidos,Empregado,Média,1,Casual,PC,PC intermediario,Bronze,"3,7",2,"1,6","6,0","4,4","0,79",7,0,7,"66,94",6,Básica,"6,0","3,3","3,1","5,4","6,3","5,8","4,3","7,2","7,1",3,0,"4,1",Solteiro,"4,0",4,"4,2",4,"92,0","6,0",Competidor intenso,"30,47",0,Leve,"1,0","0,505","0,624"
USR000192,22,Feminino,Índia,Empregado,Média-baixa,5,Sandbox,Mobile,Misto,Sem ranking,"10,0",14,"4,0","15,5","12,2","0,37",6,5,0,"24,19",2,Premium,"5,7","8,0","6,8","6,5","4,0","6,2","6,3","10,0","7,1",0,5,"3,9",Divorciado,"4,0",6,"16,7",9,"166,4","10,8",Jogador compulsivo,"50,67",1,Moderada,"1,0","0,625","0,97"
USR000193,20,Nao binario,China,Streamer/Criador de conteudo,Média-alta,8,MMORPG,PC e console,PC intermediario,Mestre,"5,3",4,"0,9","9,0","9,0","0,18",23,8,6,"77,69",18,Básica,"5,9","7,5","3,6","5,2","4,8","6,2","4,2","7,8","6,1",1,4,"0,0",Em um relacionamento,"4,0",3,"4,4",3,"69,4","5,9",Competidor toxico,"33,68",0,Leve,"1,0","0,52","0,652"
USR000194,23,Masculino,Indonésia,Streamer/Criador de conteudo,Baixa,11,Esportes,PC,PC intermediario,Bronze,"1,7",2,"0,0","2,0","1,5","0,47",1,3,0,"0,0",0,Básica,"6,2","5,4","1,0","5,9","4,6","4,6","4,3","7,4","8,4",2,2,"2,7",Casado,"4,0",0,"5,3",0,"74,9","2,1",Jogador social,"20,35",0,Leve,"1,0","0,435","0,824"
USR000195,30,Masculino,Estados Unidos,Empregado,Média-baixa,18,Estratégia,Mobile,Notebook,Prata,"7,7",7,"2,1","9,9","13,0","0,86",2,2,3,"28,9",4,Básica,"9,1","1,0","5,0","4,0","8,1","5,2","4,9","4,6","5,9",1,3,"1,7",Solteiro,"4,0",5,"25,0",7,"46,6","9,7",Jogador compulsivo,"52,72",1,Moderada,"1,0","0,34","0,779"
USR000196,23,Nao binario,Índia,Estudante,Média,11,FPS,Console,Notebook,Prata,"3,1",3,"0,3","6,8","5,0","0,1",0,0,0,"42,69",6,Ultimate,"4,2","5,7","2,8","6,7","4,3","4,7","2,5","8,2","7,6",3,4,"3,7",Prefiro nao informar,"3,42",1,"14,7",3,"70,0","4,5",Jogador casual,"19,64",0,Witout addiction,"1,0","0,36","0,741"
USR000197,22,Masculino,Índia,Empregado,Alta,8,FPS,PC e console,Misto,Platina,"6,8",14,"0,8","6,3","5,0","0,34",1,0,1,"135,43",30,Básica,"6,2","5,7","4,7","8,1","3,5","4,2","4,1","9,0","8,2",0,4,"4,4",Solteiro,"4,0",7,"6,1",9,"87,7","8,3",Busca escape,"33,85",0,Leve,"1,0","0,415","0,841"
USR000198,13,Masculino,Estados Unidos,Estudante,Média,1,FPS,Mobile,Misto,Sem ranking,"2,4",1,"0,9","3,3","4,8","0,47",1,2,6,"40,79",12,Premium,"7,1","3,7","3,7","8,9","3,3","8,3","2,3","6,6","6,8",1,3,"4,0",Em um relacionamento,"3,16",0,"7,2",5,"108,3","3,0",Jogador casual,"23,05",0,Leve,"1,0","0,53","0,835"
USR000199,27,Masculino,Alemanha,Estudante,Média-alta,15,Estratégia,PC,Misto,Prata,"7,5",9,"2,1","11,6","11,0","0,01",0,2,3,"70,06",17,Premium,"8,0","7,6","4,2","7,0","5,4","6,7","5,4","5,5","5,9",0,1,"4,1",Em um relacionamento,"2,92",6,"25,7",5,"64,5","11,9",Competidor intenso,"41,05",0,Moderada,"1,0","0,605","0,679"
USR000200,18,Feminino,Estados Unidos,Streamer/Criador de conteudo,Média,6,Sandbox,Mobile,Notebook,Platina,"7,3",6,"1,9","8,0","14,9","0,48",17,10,5,"22,93",5,Premium,"8,6","4,5","4,6","8,2","3,9","5,5","7,4","6,9","7,7",3,3,"0,4",Solteiro,"4,0",5,"16,8",9,"70,3","8,4",Competidor toxico,"38,94",0,Leve,"1,0","0,645","0,949"
USR000201,18,Feminino,Indonésia,Freelancer,Baixa,4,MMORPG,PC e console,PC high-end,Ouro,"1,3",1,"0,0","2,1","2,1","0,0",1,1,2,"13,93",0,Básica,"4,7","6,9","1,2","5,5","6,6","8,1","4,2","5,3","9,0",2,0,"3,1",Solteiro,"4,0",0,"23,4",2,"214,1","3,6",Jogador casual,"18,13",0,Witout addiction,"1,0","0,615","1,0"
USR000202,25,Feminino,Austrália,Empregado,Média-baixa,13,Terror,PC e mobile,PC intermediario,Grao-mestre,"9,0",10,"2,2","8,6","15,2","0,15",5,3,5,"72,03",9,No subscription,"8,3","3,5","4,9","3,2","7,0","7,2","2,5","5,7","7,9",2,3,"3,6",Em um relacionamento,"4,0",3,"21,2",5,"5,0","11,9",Jogador compulsivo,"53,25",1,Moderada,"1,0","0,485","0,741"
USR000203,19,Feminino,Índia,Empregado,Média-baixa,7,Estratégia,Mobile,Misto,Bronze,"2,0",7,"0,0","2,2","2,4","0,36",0,1,8,"61,23",17,Básica,"6,4","3,6","1,9","7,1","4,1","8,3","5,4","8,8","8,7",1,3,"4,6",Solteiro,"4,0",3,"5,4",0,"66,4","6,7",Jogador casual,"20,2",0,Leve,"1,0","0,685","0,869"
USR000204,27,Nao binario,Estados Unidos,Estudante,Baixa,15,Sandbox,Mobile,PC intermediario,Bronze,"3,9",7,"1,8","5,6","8,9","0,55",17,8,0,"29,3",2,Premium,"2,8","6,8","3,9","4,1","7,6","4,7","7,0","7,8","4,4",4,4,"0,9",Solteiro,"3,13",1,"0,0",1,"126,8","5,8",Competidor toxico,"44,74",0,Moderada,"1,0","0,585","0,895"
USR000205,30,Masculino,Japão,Streamer/Criador de conteudo,Média-baixa,16,Estratégia,PC,Misto,Prata,"7,8",9,"3,0","12,8","13,0","0,22",6,3,1,"14,92",2,No subscription,"4,7","6,3","6,4","5,2","5,2","3,2","5,9","7,0","6,1",1,5,"4,0",Solteiro,"4,0",4,"13,0",7,"47,6","9,5",Jogador compulsivo,"52,19",1,Moderada,"1,0","0,455","0,671"
USR000206,24,Masculino,Brasil,Empregado,Média-baixa,12,Terror,PC e mobile,Notebook,Diamante,"7,2",12,"3,5","10,7","9,7","0,37",1,0,6,"25,41",3,No subscription,"7,4","3,0","5,9","7,9","3,5","7,1","3,5","4,2","4,2",3,0,"3,3",Casado,"4,0",7,"42,3",10,"26,3","9,3",Jogador social,"46,6",0,Moderada,"1,0","0,53","0,632"
USR000207,31,Masculino,Japão,Estudante,Baixa,19,RPG,PC,Console,Platina,"6,9",5,"2,4","10,9","12,5","0,57",2,3,2,"0,0",0,No subscription,"5,1","4,4","3,4","1,0","9,0","3,3","5,9","7,6","7,3",1,3,"0,0",Em um relacionamento,"2,78",2,"10,5",13,"175,5","9,1",Streamer/Criador,"52,57",1,Moderada,"1,0","0,46","0,965"
USR000208,24,Masculino,França,Desempregado,Média-baixa,12,Casual,Mobile,Mobile,Prata,"3,4",3,"0,0","6,9","7,1","0,22",1,0,0,"43,02",13,No subscription,"7,8","3,2","3,0","9,0","5,9","5,8","4,3","5,2","7,1",1,5,"3,7",Solteiro,"4,0",0,"8,3",6,"115,7","6,6",Jogador casual,"25,48",0,Leve,"1,0","0,505","0,698"
USR000209,15,Masculino,Brasil,Empregado,Média,2,MMORPG,PC,PC high-end,Bronze,"1,5",1,"0,0","2,0","4,7","0,19",0,1,2,"23,78",1,No subscription,"3,9","3,2","1,8","5,6","6,4","4,6","5,8","6,3","6,9",4,0,"3,5",Solteiro,"4,0",0,"13,3",7,"79,1","3,3",Jogador casual,"24,24",0,Leve,"1,0","0,52","0,775"
USR000210,27,Masculino,Estados Unidos,Freelancer,Média,15,FPS,PC e console,Mobile,Ouro,"11,8",13,"3,7","16,2","19,4","0,67",0,3,5,"0,0",0,Básica,"9,9","4,8","7,1","3,9","4,4","7,8","2,4","6,7","5,0",2,5,"2,0",Prefiro nao informar,"4,0",7,"18,0",11,"154,7","13,9",Streamer/Criador,"68,0",1,Severa,"1,0","0,51","0,788"
USR000211,30,Prefiro nao informar,Japão,Desempregado,Média-alta,18,Casual,PC e mobile,Mobile,Ouro,"6,8",11,"3,0","8,2","5,3","0,72",4,3,8,"73,34",9,Ultimate,"7,4","3,0","6,0","7,2","3,5","4,7","4,9","8,6","8,3",0,1,"2,0",Casado,"4,0",4,"17,3",5,"178,7","9,6",Competidor intenso,"41,68",0,Moderada,"1,0","0,345","0,8"
USR000212,19,Feminino,China,Desempregado,Média-baixa,7,MMORPG,Mobile,PC intermediario,Prata,"9,7",14,"3,9","14,6","13,7","0,43",1,0,6,"26,44",4,No subscription,"5,8","4,0","5,9","7,6","5,9","4,3","2,8","8,4","6,6",0,4,"0,3",Em um relacionamento,"4,0",1,"38,6",6,"112,7","10,9",Streamer/Criador,"52,62",1,Moderada,"1,0","0,355","0,679"
USR000213,16,Masculino,Coréia do Sul,Streamer/Criador de conteudo,Média,4,Battle Royale,Mobile,Console,Prata,"6,1",9,"2,8","10,2","8,2","0,53",12,5,1,"70,16",17,No subscription,"9,5","6,2","3,9","2,9","8,6","8,6","6,7","3,9","6,4",4,3,"0,6",Solteiro,"4,0",4,"20,6",5,"30,0","8,3",Competidor toxico,"54,35",1,Moderada,"1,0","0,765","0,838"
USR000214,28,Feminino,Estados Unidos,Estudante,Média,16,MMORPG,Console,PC intermediario,Prata,"7,3",9,"1,8","10,1","13,2","0,32",2,3,0,"34,51",2,Premium,"7,8","6,1","5,7","6,0","5,9","6,5","4,3","3,8","6,8",2,4,"1,6",Em um relacionamento,"3,03",2,"24,2",2,"170,8","7,5",Competidor intenso,"45,35",0,Moderada,"1,0","0,54","0,881"
USR000215,20,Feminino,Reino Unido,Estudante,Média-alta,8,Esportes,PC e mobile,Notebook,Ouro,"8,8",10,"3,6","14,9","15,0","0,29",1,0,2,"89,39",14,Básica,"8,2","4,6","6,3","4,0","5,5","6,8","4,9","6,8","4,9",3,2,"3,1",Em um relacionamento,"3,24",3,"15,5",6,"24,3","9,6",Streamer/Criador,"55,09",1,Moderada,"1,0","0,565","0,793"
USR000216,23,Masculino,China,Empregado,Média-baixa,11,MOBA,PC,PC intermediario,Platina,"11,0",11,"3,6","16,0","16,8","0,54",1,0,0,"0,0",3,Premium,"5,1","9,1","6,6","8,2","2,0","5,8","7,7","7,2","6,5",2,5,"1,5",Em um relacionamento,"4,0",2,"16,7",10,"204,7","13,7",Streamer/Criador,"47,86",0,Moderada,"1,0","0,675","0,939"
USR000217,20,Masculino,Alemanha,Freelancer,Média,3,Casual,Console,Console,Ouro,"10,4",10,"3,9","11,4","13,8","0,11",1,1,7,"69,12",19,No subscription,"8,7","4,3","7,3","3,9","6,9","4,6","7,1","6,3","6,4",0,3,"0,1",Solteiro,"4,0",3,"17,5",11,"50,1","15,1",Jogador compulsivo,"59,1",1,Moderada,"1,0","0,585","0,813"
USR000218,23,Masculino,Austrália,Empregado,Média-alta,11,FPS,PC,PC high-end,Ouro,"9,1",9,"2,8","8,3","20,1","0,72",24,6,8,"115,96",26,No subscription,"9,5","5,1","5,5","3,7","7,2","6,3","8,2","5,6","6,3",3,4,"2,7",Casado,"4,0",3,"7,9",6,"93,6","11,3",Competidor toxico,"50,69",1,Moderada,"1,0","0,725","0,935"
USR000219,35,Masculino,Estados Unidos,Empregado,Baixa,19,MOBA,PC,PC high-end,Sem ranking,"4,9",7,"2,1","5,2","11,3","0,7",7,1,5,"18,69",2,Premium,"10,0","1,0","4,4","6,2","7,0","5,1","1,7","8,1","7,8",2,4,"4,0",Casado,"4,0",1,"15,2",2,"156,4","7,4",Competidor intenso,"36,61",0,Leve,"1,0","0,34","0,681"
USR000220,18,Nao binario,Alemanha,Estudante,Média-alta,6,Sandbox,PC,Misto,Bronze,"8,4",11,"3,1","10,5","16,5","0,36",1,0,10,"64,84",12,Premium,"8,6","6,1","4,8","5,7","4,5","8,0","4,5","6,7","6,3",1,4,"3,0",Em um relacionamento,"2,9",3,"22,9",2,"19,9","12,3",Jogador compulsivo,"44,59",0,Moderada,"1,0","0,625","0,726"
USR000221,25,Masculino,Rússia,Desempregado,Baixa,12,MMORPG,Console,Misto,Ouro,"7,9",15,"1,9","10,5","12,0","0,06",0,5,0,"9,72",5,Premium,"6,5","10,0","5,6","4,2","6,5","6,5","6,8","6,6","7,6",1,5,"1,0",Solteiro,"4,0",1,"3,6",8,"46,8","10,0",Streamer/Criador,"48,25",0,Moderada,"1,0","0,665","0,888"
USR000222,15,Masculino,Japão,Empregado,Alta,3,Casual,PC,Console,Platina,"5,0",5,"1,4","6,4","7,5","0,36",1,0,16,"167,37",41,No subscription,"6,2","3,8","3,7","7,6","6,7","5,7","2,7","6,5","5,8",1,3,"0,6",Solteiro,"4,0",1,"21,1",7,"44,2","5,7",Jogador social,"30,1",0,Leve,"1,0","0,42","0,838"
USR000223,14,Masculino,Outro,Empregado,Média-baixa,2,FPS,PC,PC intermediario,Bronze,"10,0",12,"3,8","10,6","16,5","0,37",1,0,0,"20,94",3,Ultimate,"8,5","5,6","7,3","5,9","5,3","4,8","5,3","4,3","5,4",0,0,"1,4",Em um relacionamento,"4,0",2,"23,3",7,"213,3","11,8",Jogador compulsivo,"59,61",1,Moderada,"1,0","0,505","0,973"
USR000224,21,Masculino,Rússia,Freelancer,Média-baixa,9,Esportes,Console,PC high-end,Platina,"3,3",1,"0,4","4,9","1,9","0,24",1,2,5,"27,98",8,No subscription,"5,7","6,3","1,0","10,0","2,8","3,4","3,9","7,6","5,6",2,2,"2,6",Em um relacionamento,"4,0",5,"1,2",5,"111,3","3,9",Jogador social,"19,33",0,Witout addiction,"1,0","0,365","0,743"
USR000225,26,Masculino,Coréia do Sul,Desempregado,Baixa,14,Esportes,Console,Mobile,Prata,"3,0",3,"1,0","3,4","2,9","0,46",0,1,8,"7,78",5,Ultimate,"6,5","4,8","3,8","6,0","3,9","3,9","5,9","5,6","8,1",0,2,"2,7",Solteiro,"4,0",0,"18,3",7,"52,5","5,6",Jogador casual,"25,38",0,Leve,"1,0","0,49","0,875"
USR000226,25,Prefiro nao informar,Estados Unidos,Empregado,Média,10,Terror,PC,Console,Bronze,"5,1",7,"1,2","7,2","10,5","0,81",0,3,8,"57,66",16,Básica,"7,5","6,7","5,9","7,1","5,2","5,5","5,4","3,5","7,4",1,3,"3,2",Solteiro,"4,0",4,"20,6",9,"53,1","7,5",Jogador social,"34,97",0,Leve,"1,0","0,545","0,743"
USR000227,20,Prefiro nao informar,Austrália,Empregado,Média-baixa,8,MMORPG,PC,Mobile,Mestre,"4,2",7,"0,1","5,7","6,3","0,23",1,0,0,"9,59",5,Premium,"8,3","6,2","3,9","6,2","5,5","4,3","8,1","5,3","7,2",3,4,"1,6",Solteiro,"4,0",6,"0,0",8,"22,0","6,6",Jogador social,"30,28",0,Leve,"1,0","0,62","0,824"
USR000228,21,Masculino,Reino Unido,Empregado,Média,9,Battle Royale,PC e console,PC intermediario,Diamante,"3,6",2,"0,5","4,0","4,1","0,55",1,5,2,"20,82",0,Básica,"7,8","9,4","2,5","5,2","5,2","6,9","7,5","8,2","6,4",3,1,"1,0",Solteiro,"4,0",3,"28,0",1,"141,7","4,9",Jogador social,"34,17",0,Leve,"1,0","0,72","0,984"
USR000229,28,Masculino,Reino Unido,Estudante,Média,16,MOBA,Console,PC intermediario,Platina,"8,6",13,"4,1","10,9","12,5","0,84",6,2,1,"77,58",22,Básica,"6,6","2,3","5,4","5,4","7,6","5,7","4,7","7,4","5,0",2,0,"2,0",Em um relacionamento,"3,05",4,"20,5",14,"117,9","11,4",Jogador compulsivo,"58,04",1,Moderada,"1,0","0,52","0,814"
USR000230,22,Masculino,Estados Unidos,Freelancer,Média,9,Battle Royale,PC e console,Console,Bronze,"6,5",8,"2,0","5,8","10,1","0,62",18,4,6,"2,26",2,No subscription,"6,1","6,9","5,4","6,9","4,7","6,1","6,4","6,0","5,9",1,3,"3,5",Em um relacionamento,"4,0",5,"9,5",6,"111,2","7,5",Competidor toxico,"40,86",0,Moderada,"1,0","0,625","0,94"
USR000231,27,Masculino,Índia,Empregado,Média,15,Esportes,PC,Misto,Platina,"3,3",4,"1,8","3,8","5,3","0,51",0,0,0,"23,69",5,No subscription,"5,5","6,0","2,3","9,2","3,7","5,0","4,7","6,3","5,4",2,0,"1,0",Solteiro,"4,0",1,"0,0",10,"5,0","5,7",Jogador casual,"25,97",0,Leve,"1,0","0,485","0,702"
USR000232,21,Masculino,Outro,Estudante,Média,9,Battle Royale,Mobile,Mobile,Prata,"8,4",13,"2,8","11,9","18,3","1,0",0,0,4,"63,31",9,No subscription,"6,4","1,0","6,6","7,3","3,2","2,8","1,4","7,1","7,2",1,0,"3,6",Em um relacionamento,"2,81",2,"22,4",8,"161,1","10,5",Busca escape,"44,78",0,Moderada,"1,0","0,21","0,62"
USR000233,28,Masculino,Estados Unidos,Empregado,Média-alta,16,Esportes,Mobile,PC intermediario,Ouro,"3,8",8,"0,2","6,1","3,8","0,65",1,0,11,"109,14",24,No subscription,"5,4","4,3","1,7","5,6","5,8","3,1","5,1","8,5","6,8",4,2,"0,0",Solteiro,"4,0",3,"9,6",6,"235,1","5,4",Jogador social,"27,02",0,Leve,"1,0","0,41","0,764"
USR000234,29,Masculino,Alemanha,Empregado,Média-alta,17,MOBA,Console,Notebook,Mestre,"4,7",7,"1,3","8,2","3,5","0,52",25,3,0,"67,76",16,Básica,"7,0","2,0","2,6","4,8","6,6","4,6","3,4","5,4","8,1",0,0,"3,0",Prefiro nao informar,"4,0",4,"8,1",7,"189,8","7,8",Competidor toxico,"35,06",0,Leve,"1,0","0,4","0,758"
USR000235,18,Nao binario,Reino Unido,Estudante,Média-baixa,6,Casual,Console,Misto,Ouro,"9,0",13,"4,6","11,7","17,4","0,05",2,0,0,"11,57",2,No subscription,"10,0","6,7","7,0","10,0","1,0","8,6","5,8","2,5","6,2",3,4,"2,3",Em um relacionamento,"2,8",6,"21,8",7,"92,8","12,0",Streamer/Criador,"40,27",0,Moderada,"1,0","0,72","1,0"
USR000236,28,Nao binario,Brasil,Freelancer,Média,16,MMORPG,PC,Mobile,Diamante,"6,9",7,"1,8","10,2","11,8","0,63",8,5,8,"53,12",7,Básica,"6,4","2,3","4,4","5,6","6,6","6,6","4,4","7,6","8,1",4,2,"2,8",Solteiro,"4,0",6,"25,1",6,"214,3","7,6",Competidor intenso,"36,58",0,Leve,"1,0","0,55","0,977"
USR000237,20,Masculino,Índia,Estudante,Média-baixa,8,MOBA,PC,Console,Diamante,"4,1",3,"0,4","5,8","4,9","0,83",0,1,8,"50,44",5,No subscription,"5,8","2,6","4,0","1,4","8,7","4,9","5,3","4,3","7,7",2,1,"2,6",Em um relacionamento,"3,03",3,"11,2",3,"67,7","6,9",Jogador social,"44,77",0,Moderada,"1,0","0,51","0,874"
USR000238,19,Feminino,Estados Unidos,Estudante,Média-baixa,4,MMORPG,PC,Console,Ouro,"5,5",8,"1,9","5,9","6,8","0,22",0,0,1,"56,52",6,Básica,"10,0","6,7","4,3","9,9","5,1","8,7","6,0","3,9","7,2",0,1,"2,1",Solteiro,"3,08",1,"4,9",0,"77,7","7,0",Jogador social,"30,54",0,Leve,"1,0","0,735","0,743"
USR000239,22,Masculino,Brasil,Empregado,Média,10,MOBA,PC e console,Console,Ouro,"5,5",7,"2,0","8,4","8,9","0,9",1,0,0,"48,28",6,Ultimate,"5,3","1,0","3,6","5,0","3,7","4,1","2,5","7,4","6,3",2,0,"3,8",Solteiro,"4,0",2,"16,1",0,"107,2","6,9",Jogador social,"36,93",0,Leve,"1,0","0,33","0,624"
USR000240,25,Feminino,México,Empregado,Baixa,11,MOBA,PC,Console,Mestre,"7,7",10,"2,9","12,0","11,2","0,88",0,0,2,"27,65",3,Premium,"5,9","6,9","4,8","4,6","5,9","5,9","4,4","8,3","7,1",1,2,"0,4",Solteiro,"4,0",5,"22,8",6,"70,2","10,5",Busca escape,"43,32",0,Moderada,"1,0","0,515","0,804"
USR000241,24,Masculino,Brasil,Desempregado,Média-alta,12,MMORPG,PC,Console,Ouro,"8,2",9,"3,4","7,8","12,5","0,42",0,1,1,"62,78",11,No subscription,"6,7","8,7","5,0","8,2","2,2","6,5","6,6","5,7","7,2",0,2,"3,7",Solteiro,"4,0",4,"22,7",6,"16,0","9,5",Streamer/Criador,"42,03",0,Moderada,"1,0","0,655","0,835"
USR000242,26,Masculino,Brasil,Estudante,Média-baixa,11,Battle Royale,Mobile,Misto,Bronze,"9,3",10,"2,0","12,7","13,4","0,84",0,2,0,"0,0",0,Ultimate,"10,0","3,5","3,3","4,5","4,9","5,7","3,5","5,6","5,3",3,3,"3,1",Solteiro,"3,42",4,"17,3",7,"99,8","10,8",Streamer/Criador,"48,79",0,Moderada,"1,0","0,46","0,794"
USR000243,19,Masculino,Canadá,Empregado,Baixa,6,MOBA,PC,Console,Mestre,"8,1",10,"2,5","6,9","10,5","0,45",3,4,5,"12,32",0,Básica,"7,4","3,7","5,1","3,1","6,8","5,5","4,5","8,7","4,4",0,1,"1,7",Prefiro nao informar,"4,0",2,"26,3",5,"182,4","11,5",Competidor intenso,"55,2",1,Moderada,"1,0","0,5","0,881"
USR000244,37,Masculino,Alemanha,Empregado,Média-alta,25,Battle Royale,PC,PC high-end,Ouro,"1,7",2,"1,1","2,6","5,0","0,34",3,0,3,"71,71",17,Premium,"4,0","3,2","1,4","5,1","4,2","2,2","1,5","7,0","7,2",0,3,"1,6",Solteiro,"4,0",2,"0,0",9,"102,4","3,8",Jogador casual,"20,48",0,Leve,"1,0","0,185","0,632"
USR000245,18,Masculino,Índia,Empregado,Média,6,MMORPG,Console,Misto,Diamante,"7,8",8,"2,7","14,0","11,6","0,42",0,2,0,"7,92",7,No subscription,"5,3","8,1","6,5","10,0","3,6","6,8","5,0","6,5","8,4",1,4,"1,4",Prefiro nao informar,"4,0",4,"0,0",4,"100,0","9,1",Busca escape,"36,42",0,Leve,"1,0","0,59","0,808"
USR000246,23,Feminino,Japão,Streamer/Criador de conteudo,Média-alta,11,MMORPG,PC e console,Console,Platina,"6,7",7,"0,5","5,6","10,2","0,19",1,0,6,"65,27",17,Ultimate,"5,9","4,1","4,9","4,8","6,5","6,2","1,7","4,7","6,8",1,1,"1,7",Solteiro,"4,0",1,"17,6",4,"180,9","7,2",Streamer/Criador,"42,37",0,Moderada,"1,0","0,395","0,59"
USR000247,18,Masculino,Índia,Estudante,Baixa,6,Sandbox,PC,PC intermediario,Bronze,"2,3",1,"0,4","4,2","2,1","0,33",0,0,0,"0,0",0,No subscription,"6,1","9,2","1,8","5,8","5,4","7,8","6,5","3,9","7,7",0,2,"4,4",Em um relacionamento,"2,73",0,"0,0",0,"91,5","5,6",Jogador social,"22,45",0,Leve,"1,0","0,715","0,803"
USR000248,20,Masculino,Estados Unidos,Estudante,Média,8,MMORPG,Mobile,Console,Bronze,"3,3",5,"2,4","3,6","7,3","0,11",0,0,3,"14,69",6,No subscription,"4,2","5,0","2,7","4,2","4,0","4,5","3,7","6,9","6,3",2,4,"1,2",Solteiro,"2,8",1,"0,0",8,"120,6","4,9",Busca escape,"34,76",0,Leve,"1,0","0,41","0,939"
USR000249,19,Masculino,Coréia do Sul,Empregado,Média,7,Sandbox,PC e console,PC high-end,Prata,"4,6",4,"0,8","6,6","6,5","0,41",0,0,0,"58,08",18,Básica,"5,1","3,1","2,5","3,1","7,1","5,1","3,0","6,5","8,0",1,1,"1,2",Em um relacionamento,"4,0",2,"23,8",2,"175,9","5,2",Jogador social,"36,6",0,Leve,"1,0","0,405","0,87"
USR000250,27,Masculino,Estados Unidos,Desempregado,Média,14,MMORPG,PC e mobile,Notebook,Ouro,"3,3",2,"1,7","6,2","5,4","0,26",0,0,0,"60,58",7,No subscription,"7,4","8,3","3,3","2,7","6,3","6,3","5,8","10,0","6,2",0,0,"1,6",Prefiro nao informar,"4,0",0,"11,7",4,"131,7","4,8",Jogador social,"41,65",0,Moderada,"1,0","0,605","0,733"
